run,word,rx,oc,oh_even,golden,actual,byte_mismatch_mask
0,0,0,0,0,020202fe1104040a,020202fe1104040a,00
0,1,0,0,2,060606020a0c0c07,060606020a0c0c07,00
0,2,0,0,4,010102fd07000101,010102fd07000101,00
0,3,0,0,6,0f07070afefefffc,0f07070afefefffc,00
0,4,0,1,0,060d0c0ffd00ffff,060d0c0ffd00ffff,00
0,5,0,1,2,03090606ff030203,03090606ff030203,00
0,6,0,1,4,070e0c0f03080608,070e0c0f03080608,00
0,7,0,1,6,fd01fefd0a161315,fd01fefd0a161315,00
0,8,0,2,0,0402060404020806,0402060404020806,00
0,9,0,2,2,0904080608080a08,0904080608080a08,00
0,10,0,2,4,0401050406030503,0401050406030503,00
0,11,0,2,6,07040a0802fe0403,07040a0802fe0403,00
0,12,0,3,0,fe020805feff03fe,fe020805feff03fe,00
0,13,0,3,2,fffd0201fe000301,fffd0201fe000301,00
0,14,0,3,4,fe010805fd010503,fe010805fd010503,00
0,15,0,3,6,00ff02fe00050b07,00ff02fe00050b07,00
0,16,0,4,0,020105fd04030405,020105fd04030405,00
0,17,0,4,2,020103fe01ff02fe,020103fe01ff02fe,00
0,18,0,4,4,030206fd03010400,030206fd03010400,00
0,19,0,4,6,fffe0103010005fd,fffe0103010005fd,00
0,20,0,5,0,09feff070a050509,09feff070a050509,00
0,21,0,5,2,0c05040a120a0b0f,0c05040a120a0b0f,00
0,22,0,5,4,08fdfe0609ff0006,08fdfe0609ff0006,00
0,23,0,5,6,0a07070a05fbfc05,0a07070a05fbfc05,00
0,24,0,6,0,fd0202fe07030601,fd0202fe07030601,00
0,25,0,6,2,ff0001fdfdfefefd,ff0001fdfdfefefd,00
0,26,0,6,4,fe0303fe03020300,fe0303fe03020300,00
0,27,0,6,6,03fd01fefd0203fe,03fd01fefd0203fe,00
0,28,0,7,0,fe0402fbfe010406,fe0402fbfe010406,00
0,29,0,7,2,fd01fffcfbfdfcfa,fd01fffcfbfdfcfa,00
0,30,0,7,4,ff0703fbfe0102fd,ff0703fbfe0102fd,00
0,31,0,7,6,fcfc0002ff0704fb,fcfc0002ff0704fb,00
0,32,0,8,0,0302030200010403,0302030200010403,00
0,33,0,8,2,0503020201010101,0503020201010101,00
0,34,0,8,4,0302030202020403,0302030202020403,00
0,35,0,8,6,0100010104020302,0100010104020302,00
0,36,0,9,0,ff0001030b01ff01,ff0001030b01ff01,00
0,37,0,9,2,0606040500020202,0606040500020202,00
0,38,0,9,4,fefeff0302ff0104,fefeff0302ff0104,00
0,39,0,9,6,0e06040401020204,0e06040401020204,00
0,40,0,10,0,09060809fefdffff,09060809fefdffff,00
0,41,0,10,2,0506070503010304,0506070503010304,00
0,42,0,10,4,0906080906040505,0906080906040505,00
0,43,0,10,6,ff0002000f0d0d0d,ff0002000f0d0d0d,00
0,44,0,11,0,03fe040402fe0302,03fe040402fe0302,00
0,45,0,11,2,0402060608070908,0402060608070908,00
0,46,0,11,4,02fc040303fe0404,02fc040303fe0404,00
0,47,0,11,6,08060a0803fe0404,08060a0803fe0404,00
0,48,0,12,0,fd080d11fafc00fe,fd080d11fafc00fe,00
0,49,0,12,2,fafc0304faf9fafb,fafc0304faf9fafb,00
0,50,0,12,4,000e1113fc040809,000e1113fc040809,00
0,51,0,12,6,fcfd02fd061d211e,fcfd02fd061d211e,00
0,52,0,13,0,fe060708fd01fefd,fe060708fd01fefd,00
0,53,0,13,2,fefefe00fbfefefe,fefefe00fbfefefe,00
0,54,0,13,4,ff060808fe030505,ff060808fe030505,00
0,55,0,13,6,fdfffffd030e0f0d,fdfffffd030e0f0d,00
0,56,0,14,0,01070504fcfefe00,01070504fcfefe00,00
0,57,0,14,2,fbfdfdfdfafcfcfc,fbfdfdfdfafcfcfc,00
0,58,0,14,4,02090605fe040201,02090605fe040201,00
0,59,0,14,6,fbfdfcfe06110c09,fbfdfcfe06110c09,00
0,60,0,15,0,01020509ff010404,01020509ff010404,00
0,61,0,15,2,0703040600020506,0703040600020506,00
0,62,0,15,4,0102050a00030708,0102050a00030708,00
0,63,0,15,6,030101010102050a,030101010102050a,00
0,64,0,16,0,00050f06fc0301fe,00050f06fc0301fe,00
0,65,0,16,2,fbfb01fcfaf9fbfa,fbfb01fcfaf9fbfa,00
0,66,0,16,4,020a1107fe010701,020a1107fe010701,00
0,67,0,16,6,fcfe01ff091a1f10,fcfe01ff091a1f10,00
0,68,0,17,0,02050d09030806fe,02050d09030806fe,00
0,69,0,17,2,ff000604fbfcfefd,ff000604fbfcfefd,00
0,70,0,17,4,03070e0a080f1108,03070e0a080f1108,00
0,71,0,17,6,fefcfdfc060c140d,fefcfdfc060c140d,00
0,72,0,18,0,0202ff0b04080502,0202ff0b04080502,00
0,73,0,18,2,03090709fdfcfb01,03090709fdfcfb01,00
0,74,0,18,4,0302ff0b0b100c0c,0302ff0b0b100c0c,00
0,75,0,18,6,fc0001fe0505020f,fc0001fe0505020f,00
0,76,0,19,0,0303020200020401,0303020200020401,00
0,77,0,19,2,04020100010100ff,04020100010100ff,00
0,78,0,19,4,0403020303050404,0403020303050404,00
0,79,0,19,6,000102fd04040203,000102fd04040203,00
0,80,0,20,0,fc060e0efc010a03,fc060e0efc010a03,00
0,81,0,20,2,fbfc0201fafafbfa,fbfc0201fafafbfa,00
0,82,0,20,4,fe0b1310fc040c09,fe0b1310fc040c09,00
0,83,0,20,6,01000a02061c251d,01000a02061c251d,00
0,84,0,21,0,fefeffff02ff0100,fefeffff02ff0100,00
0,85,0,21,2,0102020102020303,0102020102020303,00
0,86,0,21,4,fefeffff020100ff,fefeffff020100ff,00
0,87,0,21,6,02010202fcfcfdfd,02010202fcfcfdfd,00
0,88,0,22,0,0cfcfbfd280e0c1c,0cfcfbfd280e0c1c,00
0,89,0,22,2,1c0d0b0e2c23211a,1c0d0b0e2c23211a,00
0,90,0,22,4,0afbfafc0ffdfd06,0afbfafc0ffdfd06,00
0,91,0,22,6,3120232e08fcfcfd,3120232e08fcfcfd,00
0,92,0,23,0,020405fffe0302fd,020405fffe0302fd,00
0,93,0,23,2,000202fefcfdfefc,000202fefcfdfefc,00
0,94,0,23,4,03060600020606ff,03060600020606ff,00
0,95,0,23,6,fd00fefb04070801,fd00fefb04070801,00
0,96,0,24,0,0a100d05fe0302fd,0a100d05fe0302fd,00
0,97,0,24,2,ff0202fefcfdfdfb,ff0202fefcfdfdfb,00
0,98,0,24,4,0c130e0609110e05,0c130e0609110e05,00
0,99,0,24,6,fbfbfbfa121c160b,fbfbfbfa121c160b,00
0,100,0,25,0,13f9fb0313060a0f,13f9fb0313060a0f,00
0,101,0,25,2,1c07080f2815171c,1c07080f2815171c,00
0,102,0,25,4,11f9fa0310fafb07,11f9fa0310fafb07,00
0,103,0,25,6,2015191c0efafb02,2015191c0efafb02,00
0,104,0,26,0,0afafc001e0e0c0b,0afafc001e0e0c0b,00
0,105,0,26,2,1f0d0a102c232220,1f0d0a102c232220,00
0,106,0,26,4,08fafb000cfcfc01,08fafb000cfcfc01,00
0,107,0,26,6,2f23232506fcfc00,2f23232506fcfc00,00
0,108,0,27,0,fd0202fe030101fe,fd0202fe030101fe,00
0,109,0,27,2,02020201fcfefefd,02020201fcfefefd,00
0,110,0,27,4,fd0203ff03050400,fd0203ff03050400,00
0,111,0,27,6,0500fefefe030301,0500fefefe030301,00
0,112,0,28,0,0200010600020203,0200010600020203,00
0,113,0,28,2,04040203fffeff02,04040203fffeff02,00
0,114,0,28,4,0200010605070407,0200010605070407,00
0,115,0,28,6,0102010004010208,0102010004010208,00
0,116,0,29,0,0801020705020709,0801020705020709,00
0,117,0,29,2,0b04030804000004,0b04030804000004,00
0,118,0,29,4,090102070903070a,090102070903070a,00
0,119,0,29,6,060305060b02040a,060305060b02040a,00
0,120,0,30,0,fd080c0efcfd05fd,fd080c0efcfd05fd,00
0,121,0,30,2,fafbff01fafafbfb,fafbff01fafafbfb,00
0,122,0,30,4,fe0c0f0ffc030806,fe0c0f0ffc030806,00
0,123,0,30,6,fdfd05fd041d1f1c,fdfd05fd041d1f1c,00
0,124,0,31,0,040302050b0f120e,040302050b0f120e,00
0,125,0,31,2,05040608fbfbfbfd,05040608fbfbfbfd,00
0,126,0,31,4,050502050d1a170e,050502050d1a170e,00
0,127,0,31,6,04ff040908050308,04ff040908050308,00
0,128,1,0,0,070003ff09100810,070003ff09100810,00
0,129,1,0,2,02fcfdfc05fd00fd,02fcfdfc05fd00fd,00
0,130,1,0,4,090205020400ff00,090205020400ff00,00
0,131,1,0,6,090c080b09020501,090c080b09020501,00
0,132,1,1,0,040b0a0cfcfcfcfc,040b0a0cfcfcfcfc,00
0,133,1,1,2,0c15131207100f10,0c15131207100f10,00
0,134,1,1,4,03090708040b0909,03090708040b0909,00
0,135,1,1,6,fdfdfdfc040b090a,fdfdfdfc040b090a,00
0,136,1,2,0,0305080409060d08,0305080409060d08,00
0,137,1,2,2,0204080402040704,0204080402040704,00
0,138,1,2,4,0405090604030703,0405090604030703,00
0,139,1,2,6,09070d0804050805,09070d0804050805,00
0,140,1,3,0,fe05050403ff00fc,fe05050403ff00fc,00
0,141,1,3,2,0306060400070705,0306060400070705,00
0,142,1,3,4,fd04040300050503,fd04040300050503,00
0,143,1,3,6,030001feff050604,030001feff050604,00
0,144,1,4,0,050406fe05050605,050406fe05050605,00
0,145,1,4,2,040405fd050506fd,040405fd050506fd,00
0,146,1,4,4,030304fe050506ff,030304fe050506ff,00
0,147,1,4,6,00020203030303fd,00020203030303fd,00
0,148,1,5,0,05ff08080f0f0d0d,05ff08080f0f0d0d,00
0,149,1,5,2,fefb020402fc0506,fefb020402fc0506,00
0,150,1,5,4,07020a0b02fd0405,07020a0b02fd0405,00
0,151,1,5,6,09090b0b0601090a,09090b0b0601090a,00
0,152,1,6,0,0101fffe08020601,0101fffe08020601,00
0,153,1,6,2,0102fffe0101fefe,0102fffe0101fefe,00
0,154,1,6,4,ff00fefe03020300,ff00fefe03020300,00
0,155,1,6,6,03ff02fefefffdfd,03ff02fefefffdfd,00
0,156,1,7,0,030100fbfe070306,030100fbfe070306,00
0,157,1,7,2,050302fd040101fb,050302fd040101fb,00
0,158,1,7,4,00fefdfa020201fd,00fefdfa020201fd,00
0,159,1,7,6,fd03ff02fffdfdfa,fd03ff02fffdfdfa,00
0,160,1,8,0,0000030202030102,0000030202030102,00
0,161,1,8,2,0201040200ff0302,0201040200ff0302,00
0,162,1,8,4,00ff020202020304,00ff020202020304,00
0,163,1,8,6,0101000100ff0201,0101000100ff0201,00
0,164,1,9,0,01ff0102010003ff,01ff0102010003ff,00
0,165,1,9,2,0805090703010303,0805090703010303,00
0,166,1,9,4,0201020203030305,0201020203030305,00
0,167,1,9,6,0603060404020303,0603060404020303,00
0,168,1,10,0,02060907fcfdfefd,02060907fcfdfefd,00
0,169,1,10,2,0c0f130c05090e0a,0c0f130c05090e0a,00
0,170,1,10,4,0306080704070906,0306080704070906,00
0,171,1,10,6,020102ff05070a08,020102ff05070a08,00
0,172,1,11,0,0106030404050503,0106030404050503,00
0,173,1,11,2,0205030401060204,0205030401060204,00
0,174,1,11,4,0408060602050304,0408060602050304,00
0,175,1,11,6,0b0a0b0805090606,0b0a0b0805090606,00
0,176,1,12,0,0110060dfcfdfdfd,0110060dfcfdfdfd,00
0,177,1,12,2,0f261a1d061a0c14,0f261a1d061a0c14,00
0,178,1,12,4,fb04fd020414090d,fb04fd020414090d,00
0,179,1,12,6,fdff00fdfc070004,fdff00fdfc070004,00
0,180,1,13,0,01090305fffcfcfb,01090305fffcfcfb,00
0,181,1,13,2,060f090a050e0708,060f090a050e0708,00
0,182,1,13,4,01070203050c0606,01070203050c0606,00
0,183,1,13,6,fffdfcfc02080304,fffdfcfc02080304,00
0,184,1,14,0,02040302fefdfbfe,02040302fefdfbfe,00
0,185,1,14,2,070a080605090605,070a080605090605,00
0,186,1,14,4,0002ff0003060303,0002ff0003060303,00
0,187,1,14,6,fdfdfafd01030101,fdfdfafd01030101,00
0,188,1,15,0,0108040900010102,0108040900010102,00
0,189,1,15,2,040805090108040a,040805090108040a,00
0,190,1,15,4,0208040804090508,0208040804090508,00
0,191,1,15,6,0100010102080408,0100010102080408,00
0,192,1,16,0,080d0a03fd02feff,080d0a03fd02feff,00
0,193,1,16,2,161e1a0d0f161208,161e1a0d0f161208,00
0,194,1,16,4,020401fc0c110a04,020401fc0c110a04,00
0,195,1,16,6,fe02feff040704fe,fe02feff040704fe,00
0,196,1,17,0,03090d0701fcfffb,03090d0701fcfffb,00
0,197,1,17,2,0911170f050d120a,0911170f050d120a,00
0,198,1,17,4,000607030e12140a,000607030e12140a,00
0,199,1,17,6,fefbfdfc01060804,fefbfdfc01060804,00
0,200,1,18,0,fe02010901fefffd,fe02010901fefffd,00
0,201,1,18,2,090e0d12ff04020b,090e0d12ff04020b,00
0,202,1,18,4,fd00fe050d0e0e0e,fd00fe050d0e0e0e,00
0,203,1,18,6,ff00fffdfe01ff06,ff00fffdfe01ff06,00
0,204,1,19,0,ffff0502040202ff,ffff0502040202ff,00
0,205,1,19,2,01010702ff000602,01010702ff000602,00
0,206,1,19,4,ffff040102030705,ffff040102030705,00
0,207,1,19,6,030100fdffff0401,030100fdffff0401,00
0,208,1,20,0,0411070a06050502,0411070a06050502,00
0,209,1,20,2,142a1c1a091e0f12,142a1c1a091e0f12,00
0,210,1,20,4,fd05fdff0a1c0c0d,fd05fdff0a1c0c0d,00
0,211,1,20,6,06060702fe080002,06060702fe080002,00
0,212,1,21,0,00fffe0006030302,00fffe0006030302,00
0,213,1,21,2,fefcfcfdfefdfdfe,fefcfcfdfefdfdfe,00
0,214,1,21,4,0100000102fdfefe,0100000102fdfefe,00
0,215,1,21,6,0301020200ffff01,0301020200ffff01,00
0,216,1,22,0,06fe020126223830,06fe020126223830,00
0,217,1,22,2,fcfb0002fef9fbfc,fcfb0002fef9fbfc,00
0,218,1,22,4,0c010b0500fb0305,0c010b0500fb0305,00
0,219,1,22,6,252436330d020b05,252436330d020b05,00
0,220,1,23,0,070705fffefdfcfb,070705fffefdfcfb,00
0,221,1,23,2,0a0a0701090906ff,0a0a0701090906ff,00
0,222,1,23,4,050502fd09080400,050502fd09080400,00
0,223,1,23,6,fefdfcfb050503fd,fefdfcfb050503fd,00
0,224,1,24,0,07090e03fcfcfcfb,07090e03fcfcfcfb,00
0,225,1,24,2,0e1116090b0e1307,0e1116090b0e1307,00
0,226,1,24,4,030406ff0e111307,030406ff0e111307,00
0,227,1,24,6,fbfafbfa03060801,fbfafbfa03060801,00
0,228,1,25,0,04fd040723211e1f,04fd040723211e1f,00
0,229,1,25,2,fdfbfe02fef8fe03,fdfbfe02fef8fe03,00
0,230,1,25,4,07fe090c00fb0106,07fe090c00fb0106,00
0,231,1,25,6,221b1f2007fe080a,221b1f2007fe080a,00
0,232,1,26,0,06fd03042c23241e,06fd03042c23241e,00
0,233,1,26,2,fdfcfc03fef9fcff,fdfcfc03fef9fcff,00
0,234,1,26,4,0bff0a0a01fafd01,0bff0a0a01fafd01,00
0,235,1,26,6,29242a280b010a0a,29242a280b010a0a,00
0,236,1,27,0,ff0101fefefe01fd,ff0101fefefe01fd,00
0,237,1,27,2,05070503000202ff,05070503000202ff,00
0,238,1,27,4,fe0100fe03040501,fe0100fe03040501,00
0,239,1,27,6,010200fefe0100fe,010200fefe0100fe,00
0,240,1,28,0,fe010205fefefeff,fe010205fefefeff,00
0,241,1,28,2,06040707ff020406,06040707ff020406,00
0,242,1,28,4,fe01020405050708,fe01020405050708,00
0,243,1,28,6,02ff01ff00010204,02ff01ff00010204,00
0,244,1,29,0,fe02000600020808,fe02000600020808,00
0,245,1,29,2,0509080dff040207,0509080dff040207,00
0,246,1,29,4,fe0100050307080b,fe0100050307080b,00
0,247,1,29,6,02020505ff030106,02020505ff030106,00
0,248,1,30,0,ff0b0509050601fd,ff0b0509050601fd,00
0,249,1,30,2,0c20111704150b11,0c20111704150b11,00
0,250,1,30,4,fa03fe010511080a,fa03fe010511080a,00
0,251,1,30,6,040502fdfc060104,040502fdfc060104,00
0,252,1,31,0,02020504010b0a0b,02020504010b0a0b,00
0,253,1,31,2,0a12100f03030706,0a12100f03030706,00
0,254,1,31,4,01ff02011613160f,01ff02011613160f,00
0,255,1,31,6,fd090409fffe0201,fd090409fffe0201,00
0,256,2,0,0,fefcfb0201fffe03,fefcfb0201fffe03,00
0,257,2,0,2,fcfafafffcfafa02,fcfafafffcfafa02,00
0,258,2,0,4,1315121003fffe04,1315121003fffe04,00
0,259,2,0,6,0d0e0c091a1e1b14,0d0e0c091a1e1b14,00
0,260,2,1,0,0f13151102030304,0f13151102030304,00
0,261,2,1,2,181f1c1414191914,181f1c1414191914,00
0,262,2,1,4,fcfdfdfd070a0b08,fcfdfdfd070a0b08,00
0,263,2,1,6,fafbfafcf9f8f8f9,fafbfafcf9f8f8f9,00
0,264,2,2,0,fdfbfe0301020a0c,fdfbfe0301020a0c,00
0,265,2,2,2,fdfb0103fcfafd03,fdfb0103fcfafd03,00
0,266,2,2,4,09090a0b03ff0205,09090a0b03ff0205,00
0,267,2,2,6,060b14140e0f1010,060b14140e0f1010,00
0,268,2,3,0,030308fe030103fc,030308fe030103fc,00
0,269,2,3,2,060308fe050509fe,060308fe050509fe,00
0,270,2,3,4,fffefefd020205fe,fffefefd020205fe,00
0,271,2,3,6,fffdfdfbfcfcfbfb,fffdfdfbfcfcfbfb,00
0,272,2,4,0,030105ff020105ff,030105ff020105ff,00
0,273,2,4,2,030004ff030005ff,030004ff030005ff,00
0,274,2,4,4,fdfd000101fe0401,fdfd000101fe0401,00
0,275,2,4,6,feff0100ff000102,feff0100ff000102,00
0,276,2,5,0,fcfafa0702ff0007,fcfafa0702ff0007,00
0,277,2,5,2,fbfbfb03faf9fa06,fbfbfb03faf9fa06,00
0,278,2,5,4,1516141800fdfe08,1516141800fdfe08,00
0,279,2,5,6,10110e0e2425201c,10110e0e2425201c,00
0,280,2,6,0,040602fa05070a05,040602fa05070a05,00
0,281,2,6,2,040502fa040703fa,040502fa040703fa,00
0,282,2,6,4,fcfcfbfb020104ff,fcfcfbfb020104ff,00
0,283,2,6,6,ff000402fcfcfbfd,ff000402fcfcfbfd,00
0,284,2,7,0,0a0b08fe020202fd,0a0b08fe020202fd,00
0,285,2,7,2,0a0b09000b0c0aff,0a0b09000b0c0aff,00
0,286,2,7,4,fafafafa010101fe,fafafafa010101fe,00
0,287,2,7,6,fcfbfdfcf9f9f9f9,fcfbfdfcf9f9f9f9,00
0,288,2,8,0,020101fc03030403,020101fc03030403,00
0,289,2,8,2,030202fe020101fc,030202fe020101fc,00
0,290,2,8,4,0001fffd03020301,0001fffd03020301,00
0,291,2,8,6,ffff0202fe0001fe,ffff0202fe0001fe,00
0,292,2,9,0,fefe020503020203,fefe020503020203,00
0,293,2,9,2,0707060900ff0206,0707060900ff0206,00
0,294,2,9,4,0202010102020407,0202010102020407,00
0,295,2,9,6,03030102fdfcfdfe,03030102fdfcfdfe,00
0,296,2,10,0,08060c0a00ff0302,08060c0a00ff0302,00
0,297,2,10,2,1312130d0c0a0f0c,1312130d0c0a0f0c,00
0,298,2,10,4,fdfdfffe05050806,fdfdfffe05050806,00
0,299,2,10,6,fbfbfefcf9f8f9fa,fbfbfefcf9f8f9fa,00
0,300,2,11,0,fcfb0102fefc0403,fcfb0102fefc0403,00
0,301,2,11,2,fefd0101fcfa0102,fefd0101fcfa0102,00
0,302,2,11,4,0d0c0c0c01ff0503,0d0c0c0c01ff0503,00
0,303,2,11,6,07070c0c0e0e0c0f,07070c0c0e0e0c0f,00
0,304,2,12,0,262f370f02071006,262f370f02071006,00
0,305,2,12,2,353f4317343f4314,353f4317343f4314,00
0,306,2,12,4,fbfcfcfc0c111805,fbfcfcfc0c111805,00
0,307,2,12,6,fd020804fefefefe,fd020804fefefefe,00
0,308,2,13,0,0c0f190d05040503,0c0f190d05040503,00
0,309,2,13,2,11131c0f11151e10,11131c0f11151e10,00
0,310,2,13,4,fbfbfcfb06080d06,fbfbfcfb06080d06,00
0,311,2,13,6,fefdfcfdf9f8f8f9,fefdfcfdf9f8f8f9,00
0,312,2,14,0,0e16160e02030401,0e16160e02030401,00
0,313,2,14,2,121b180f131d1b11,121b180f131d1b11,00
0,314,2,14,4,f9fafafa04090806,f9fafafa04090806,00
0,315,2,14,6,fefdfbfaf9f9f9f9,fefdfbfaf9f9f9f9,00
0,316,2,15,0,0202090c02040605,0202090c02040605,00
0,317,2,15,2,0701080a0201090c,0701080a0201090c,00
0,318,2,15,4,0101020205060c09,0101020205060c09,00
0,319,2,15,6,fefefefefdfcfdfd,fefefefefdfcfdfd,00
0,320,2,16,0,241f300f04060a01,241f300f04060a01,00
0,321,2,16,2,2f2d3516322c3a14,2f2d3516322c3a14,00
0,322,2,16,4,fbfbfcfb0c091304,fbfbfcfb0c091304,00
0,323,2,16,6,fe0202fffefefefe,fe0202fffefefefe,00
0,324,2,17,0,0d0b14040d0d0c06,0d0b14040d0d0c06,00
0,325,2,17,2,1210180a110f1706,1210180a110f1706,00
0,326,2,17,4,f9f9faf910101307,f9f9faf910101307,00
0,327,2,17,6,fcfcfcfef9f9f9f8,fcfcfcfef9f9f9f8,00
0,328,2,18,0,050506040b0d0704,050506040b0d0704,00
0,329,2,18,2,1319120906070805,1319120906070805,00
0,330,2,18,4,fbfafafa11140e06,fbfafafa11140e06,00
0,331,2,18,6,fdfefe00f9f8f8f8,fdfefe00f9f8f8f8,00
0,332,2,19,0,0100010403030504,0100010403030504,00
0,333,2,19,2,0101030501000104,0101030501000104,00
0,334,2,19,4,fefdfdfe03040404,fefdfdfe03040404,00
0,335,2,19,6,010101fffefcfcfc,010101fffefcfcfc,00
0,336,2,20,0,242c380f070c1a11,242c380f070c1a11,00
0,337,2,20,2,353c4619333c4514,353c4619333c4514,00
0,338,2,20,4,fcfcfcfc0b131f0b,fcfcfcfc0b131f0b,00
0,339,2,20,6,02050f0dfefefefe,02050f0dfefefefe,00
0,340,2,21,0,fdfcfbfe02fefefe,fdfcfbfe02fefefe,00
0,341,2,21,2,fdfdfafcfcfbfbfd,fdfdfafcfcfbfbfd,00
0,342,2,21,4,0505040402fffdfe,0505040402fffdfe,00
0,343,2,21,6,050403020a0a0706,050403020a0a0706,00
0,344,2,22,0,fafbfb04fdfafc0c,fafbfb04fdfafc0c,00
0,345,2,22,2,ff01fe04fbfdfd03,ff01fe04fbfdfd03,00
0,346,2,22,4,43484542fefdfd0c,43484542fefdfd0c,00
0,347,2,22,6,343936386670695d,343936386670695d,00
0,348,2,23,0,0a080f05060607ff,0a080f05060607ff,00
0,349,2,23,2,0d0b0f050c0a1106,0d0b0f050c0a1106,00
0,350,2,23,4,fbfbfcfa07070b02,fbfbfcfa07070b02,00
0,351,2,23,6,fefefcfaf9f9f9f9,fefefcfaf9f9f9f9,00
0,352,2,24,0,1c1b1905090a0c03,1c1b1905090a0c03,00
0,353,2,24,2,22221d0a25231f07,22221d0a25231f07,00
0,354,2,24,4,fafafaf911141205,fafafaf911141205,00
0,355,2,24,6,fafafcfef9f9f9f9,fafafcfef9f9f9f9,00
0,356,2,25,0,fbfafa0202fb000d,fbfafa0202fb000d,00
0,357,2,25,2,fefdfdfcfbfbfbfe,fefdfdfcfbfbfbfe,00
0,358,2,25,4,3336343a00fbfc0c,3336343a00fbfc0c,00
0,359,2,25,6,2e2e2b2b54595451,2e2e2b2b54595451,00
0,360,2,26,0,fafbfb0401fafb08,fafbfb0401fafb08,00
0,361,2,26,2,01fffdfffbfcfc02,01fffdfffbfcfc02,00
0,362,2,26,4,454c4645fefdfd0b,454c4645fefdfd0b,00
0,363,2,26,6,3a3b36316a736a5c,3a3b36316a736a5c,00
0,364,2,27,0,020203fe03030301,020203fe03030301,00
0,365,2,27,2,08030602020204ff,08030602020204ff,00
0,366,2,27,4,fdfcfcfb04050501,fdfcfcfb04050501,00
0,367,2,27,6,01fcfcfcfafafafa,01fcfcfcfafafafa,00
0,368,2,28,0,ff01030504050307,ff01030504050307,00
0,369,2,28,2,07070709ff020406,07070709ff020406,00
0,370,2,28,4,fdfdfdfd07080605,fdfdfdfd07080605,00
0,371,2,28,6,00fcfd04fbfafafb,00fcfd04fbfafafb,00
0,372,2,29,0,000303fe0307060b,000303fe0307060b,00
0,373,2,29,2,0a0b0905010403ff,0a0b0905010403ff,00
0,374,2,29,4,fdfefefe03070908,fdfefefe03070908,00
0,375,2,29,6,ff01030bfafafbfe,ff01030bfafafbfe,00
0,376,2,30,0,22292e0602041208,22292e0602041208,00
0,377,2,30,2,2e353b0f2f37390a,2e353b0f2f37390a,00
0,378,2,30,4,fbfbfbfb0b0e1501,fbfbfbfb0b0e1501,00
0,379,2,30,6,fe000a07fefefefd,fe000a07fefefefd,00
0,380,2,31,0,070b110c141a1516,070b110c141a1516,00
0,381,2,31,2,0e131d15080c130e,0e131d15080c130e,00
0,382,2,31,4,f9f9fbfa171d180f,f9f9fbfa171d180f,00
0,383,2,31,6,fefd030bf9f8f8f8,fefd030bf9f8f8f8,00
1,0,0,0,0,020202fe1104040a,020202fe1104040a,00
1,1,0,0,2,060606020a0c0c07,060606020a0c0c07,00
1,2,0,0,4,010102fd07000101,010102fd07000101,00
1,3,0,0,6,0f07070afefefffc,0f07070afefefffc,00
1,4,0,1,0,060d0c0ffd00ffff,060d0c0ffd00ffff,00
1,5,0,1,2,03090606ff030203,03090606ff030203,00
1,6,0,1,4,070e0c0f03080608,070e0c0f03080608,00
1,7,0,1,6,fd01fefd0a161315,fd01fefd0a161315,00
1,8,0,2,0,0402060404020806,0402060404020806,00
1,9,0,2,2,0904080608080a08,0904080608080a08,00
1,10,0,2,4,0401050406030503,0401050406030503,00
1,11,0,2,6,07040a0802fe0403,07040a0802fe0403,00
1,12,0,3,0,fe020805feff03fe,fe020805feff03fe,00
1,13,0,3,2,fffd0201fe000301,fffd0201fe000301,00
1,14,0,3,4,fe010805fd010503,fe010805fd010503,00
1,15,0,3,6,00ff02fe00050b07,00ff02fe00050b07,00
1,16,0,4,0,020105fd04030405,020105fd04030405,00
1,17,0,4,2,020103fe01ff02fe,020103fe01ff02fe,00
1,18,0,4,4,030206fd03010400,030206fd03010400,00
1,19,0,4,6,fffe0103010005fd,fffe0103010005fd,00
1,20,0,5,0,09feff070a050509,09feff070a050509,00
1,21,0,5,2,0c05040a120a0b0f,0c05040a120a0b0f,00
1,22,0,5,4,08fdfe0609ff0006,08fdfe0609ff0006,00
1,23,0,5,6,0a07070a05fbfc05,0a07070a05fbfc05,00
1,24,0,6,0,fd0202fe07030601,fd0202fe07030601,00
1,25,0,6,2,ff0001fdfdfefefd,ff0001fdfdfefefd,00
1,26,0,6,4,fe0303fe03020300,fe0303fe03020300,00
1,27,0,6,6,03fd01fefd0203fe,03fd01fefd0203fe,00
1,28,0,7,0,fe0402fbfe010406,fe0402fbfe010406,00
1,29,0,7,2,fd01fffcfbfdfcfa,fd01fffcfbfdfcfa,00
1,30,0,7,4,ff0703fbfe0102fd,ff0703fbfe0102fd,00
1,31,0,7,6,fcfc0002ff0704fb,fcfc0002ff0704fb,00
1,32,0,8,0,0302030200010403,0302030200010403,00
1,33,0,8,2,0503020201010101,0503020201010101,00
1,34,0,8,4,0302030202020403,0302030202020403,00
1,35,0,8,6,0100010104020302,0100010104020302,00
1,36,0,9,0,ff0001030b01ff01,ff0001030b01ff01,00
1,37,0,9,2,0606040500020202,0606040500020202,00
1,38,0,9,4,fefeff0302ff0104,fefeff0302ff0104,00
1,39,0,9,6,0e06040401020204,0e06040401020204,00
1,40,0,10,0,09060809fefdffff,09060809fefdffff,00
1,41,0,10,2,0506070503010304,0506070503010304,00
1,42,0,10,4,0906080906040505,0906080906040505,00
1,43,0,10,6,ff0002000f0d0d0d,ff0002000f0d0d0d,00
1,44,0,11,0,03fe040402fe0302,03fe040402fe0302,00
1,45,0,11,2,0402060608070908,0402060608070908,00
1,46,0,11,4,02fc040303fe0404,02fc040303fe0404,00
1,47,0,11,6,08060a0803fe0404,08060a0803fe0404,00
1,48,0,12,0,fd080d11fafc00fe,fd080d11fafc00fe,00
1,49,0,12,2,fafc0304faf9fafb,fafc0304faf9fafb,00
1,50,0,12,4,000e1113fc040809,000e1113fc040809,00
1,51,0,12,6,fcfd02fd061d211e,fcfd02fd061d211e,00
1,52,0,13,0,fe060708fd01fefd,fe060708fd01fefd,00
1,53,0,13,2,fefefe00fbfefefe,fefefe00fbfefefe,00
1,54,0,13,4,ff060808fe030505,ff060808fe030505,00
1,55,0,13,6,fdfffffd030e0f0d,fdfffffd030e0f0d,00
1,56,0,14,0,01070504fcfefe00,01070504fcfefe00,00
1,57,0,14,2,fbfdfdfdfafcfcfc,fbfdfdfdfafcfcfc,00
1,58,0,14,4,02090605fe040201,02090605fe040201,00
1,59,0,14,6,fbfdfcfe06110c09,fbfdfcfe06110c09,00
1,60,0,15,0,01020509ff010404,01020509ff010404,00
1,61,0,15,2,0703040600020506,0703040600020506,00
1,62,0,15,4,0102050a00030708,0102050a00030708,00
1,63,0,15,6,030101010102050a,030101010102050a,00
1,64,0,16,0,00050f06fc0301fe,00050f06fc0301fe,00
1,65,0,16,2,fbfb01fcfaf9fbfa,fbfb01fcfaf9fbfa,00
1,66,0,16,4,020a1107fe010701,020a1107fe010701,00
1,67,0,16,6,fcfe01ff091a1f10,fcfe01ff091a1f10,00
1,68,0,17,0,02050d09030806fe,02050d09030806fe,00
1,69,0,17,2,ff000604fbfcfefd,ff000604fbfcfefd,00
1,70,0,17,4,03070e0a080f1108,03070e0a080f1108,00
1,71,0,17,6,fefcfdfc060c140d,fefcfdfc060c140d,00
1,72,0,18,0,0202ff0b04080502,0202ff0b04080502,00
1,73,0,18,2,03090709fdfcfb01,03090709fdfcfb01,00
1,74,0,18,4,0302ff0b0b100c0c,0302ff0b0b100c0c,00
1,75,0,18,6,fc0001fe0505020f,fc0001fe0505020f,00
1,76,0,19,0,0303020200020401,0303020200020401,00
1,77,0,19,2,04020100010100ff,04020100010100ff,00
1,78,0,19,4,0403020303050404,0403020303050404,00
1,79,0,19,6,000102fd04040203,000102fd04040203,00
1,80,0,20,0,fc060e0efc010a03,fc060e0efc010a03,00
1,81,0,20,2,fbfc0201fafafbfa,fbfc0201fafafbfa,00
1,82,0,20,4,fe0b1310fc040c09,fe0b1310fc040c09,00
1,83,0,20,6,01000a02061c251d,01000a02061c251d,00
1,84,0,21,0,fefeffff02ff0100,fefeffff02ff0100,00
1,85,0,21,2,0102020102020303,0102020102020303,00
1,86,0,21,4,fefeffff020100ff,fefeffff020100ff,00
1,87,0,21,6,02010202fcfcfdfd,02010202fcfcfdfd,00
1,88,0,22,0,0cfcfbfd280e0c1c,0cfcfbfd280e0c1c,00
1,89,0,22,2,1c0d0b0e2c23211a,1c0d0b0e2c23211a,00
1,90,0,22,4,0afbfafc0ffdfd06,0afbfafc0ffdfd06,00
1,91,0,22,6,3120232e08fcfcfd,3120232e08fcfcfd,00
1,92,0,23,0,020405fffe0302fd,020405fffe0302fd,00
1,93,0,23,2,000202fefcfdfefc,000202fefcfdfefc,00
1,94,0,23,4,03060600020606ff,03060600020606ff,00
1,95,0,23,6,fd00fefb04070801,fd00fefb04070801,00
1,96,0,24,0,0a100d05fe0302fd,0a100d05fe0302fd,00
1,97,0,24,2,ff0202fefcfdfdfb,ff0202fefcfdfdfb,00
1,98,0,24,4,0c130e0609110e05,0c130e0609110e05,00
1,99,0,24,6,fbfbfbfa121c160b,fbfbfbfa121c160b,00
1,100,0,25,0,13f9fb0313060a0f,13f9fb0313060a0f,00
1,101,0,25,2,1c07080f2815171c,1c07080f2815171c,00
1,102,0,25,4,11f9fa0310fafb07,11f9fa0310fafb07,00
1,103,0,25,6,2015191c0efafb02,2015191c0efafb02,00
1,104,0,26,0,0afafc001e0e0c0b,0afafc001e0e0c0b,00
1,105,0,26,2,1f0d0a102c232220,1f0d0a102c232220,00
1,106,0,26,4,08fafb000cfcfc01,08fafb000cfcfc01,00
1,107,0,26,6,2f23232506fcfc00,2f23232506fcfc00,00
1,108,0,27,0,fd0202fe030101fe,fd0202fe030101fe,00
1,109,0,27,2,02020201fcfefefd,02020201fcfefefd,00
1,110,0,27,4,fd0203ff03050400,fd0203ff03050400,00
1,111,0,27,6,0500fefefe030301,0500fefefe030301,00
1,112,0,28,0,0200010600020203,0200010600020203,00
1,113,0,28,2,04040203fffeff02,04040203fffeff02,00
1,114,0,28,4,0200010605070407,0200010605070407,00
1,115,0,28,6,0102010004010208,0102010004010208,00
1,116,0,29,0,0801020705020709,0801020705020709,00
1,117,0,29,2,0b04030804000004,0b04030804000004,00
1,118,0,29,4,090102070903070a,090102070903070a,00
1,119,0,29,6,060305060b02040a,060305060b02040a,00
1,120,0,30,0,fd080c0efcfd05fd,fd080c0efcfd05fd,00
1,121,0,30,2,fafbff01fafafbfb,fafbff01fafafbfb,00
1,122,0,30,4,fe0c0f0ffc030806,fe0c0f0ffc030806,00
1,123,0,30,6,fdfd05fd041d1f1c,fdfd05fd041d1f1c,00
1,124,0,31,0,040302050b0f120e,040302050b0f120e,00
1,125,0,31,2,05040608fbfbfbfd,05040608fbfbfbfd,00
1,126,0,31,4,050502050d1a170e,050502050d1a170e,00
1,127,0,31,6,04ff040908050308,04ff040908050308,00
1,128,1,0,0,070003ff09100810,070003ff09100810,00
1,129,1,0,2,02fcfdfc05fd00fd,02fcfdfc05fd00fd,00
1,130,1,0,4,090205020400ff00,090205020400ff00,00
1,131,1,0,6,090c080b09020501,090c080b09020501,00
1,132,1,1,0,040b0a0cfcfcfcfc,040b0a0cfcfcfcfc,00
1,133,1,1,2,0c15131207100f10,0c15131207100f10,00
1,134,1,1,4,03090708040b0909,03090708040b0909,00
1,135,1,1,6,fdfdfdfc040b090a,fdfdfdfc040b090a,00
1,136,1,2,0,0305080409060d08,0305080409060d08,00
1,137,1,2,2,0204080402040704,0204080402040704,00
1,138,1,2,4,0405090604030703,0405090604030703,00
1,139,1,2,6,09070d0804050805,09070d0804050805,00
1,140,1,3,0,fe05050403ff00fc,fe05050403ff00fc,00
1,141,1,3,2,0306060400070705,0306060400070705,00
1,142,1,3,4,fd04040300050503,fd04040300050503,00
1,143,1,3,6,030001feff050604,030001feff050604,00
1,144,1,4,0,050406fe05050605,050406fe05050605,00
1,145,1,4,2,040405fd050506fd,040405fd050506fd,00
1,146,1,4,4,030304fe050506ff,030304fe050506ff,00
1,147,1,4,6,00020203030303fd,00020203030303fd,00
1,148,1,5,0,05ff08080f0f0d0d,05ff08080f0f0d0d,00
1,149,1,5,2,fefb020402fc0506,fefb020402fc0506,00
1,150,1,5,4,07020a0b02fd0405,07020a0b02fd0405,00
1,151,1,5,6,09090b0b0601090a,09090b0b0601090a,00
1,152,1,6,0,0101fffe08020601,0101fffe08020601,00
1,153,1,6,2,0102fffe0101fefe,0102fffe0101fefe,00
1,154,1,6,4,ff00fefe03020300,ff00fefe03020300,00
1,155,1,6,6,03ff02fefefffdfd,03ff02fefefffdfd,00
1,156,1,7,0,030100fbfe070306,030100fbfe070306,00
1,157,1,7,2,050302fd040101fb,050302fd040101fb,00
1,158,1,7,4,00fefdfa020201fd,00fefdfa020201fd,00
1,159,1,7,6,fd03ff02fffdfdfa,fd03ff02fffdfdfa,00
1,160,1,8,0,0000030202030102,0000030202030102,00
1,161,1,8,2,0201040200ff0302,0201040200ff0302,00
1,162,1,8,4,00ff020202020304,00ff020202020304,00
1,163,1,8,6,0101000100ff0201,0101000100ff0201,00
1,164,1,9,0,01ff0102010003ff,01ff0102010003ff,00
1,165,1,9,2,0805090703010303,0805090703010303,00
1,166,1,9,4,0201020203030305,0201020203030305,00
1,167,1,9,6,0603060404020303,0603060404020303,00
1,168,1,10,0,02060907fcfdfefd,02060907fcfdfefd,00
1,169,1,10,2,0c0f130c05090e0a,0c0f130c05090e0a,00
1,170,1,10,4,0306080704070906,0306080704070906,00
1,171,1,10,6,020102ff05070a08,020102ff05070a08,00
1,172,1,11,0,0106030404050503,0106030404050503,00
1,173,1,11,2,0205030401060204,0205030401060204,00
1,174,1,11,4,0408060602050304,0408060602050304,00
1,175,1,11,6,0b0a0b0805090606,0b0a0b0805090606,00
1,176,1,12,0,0110060dfcfdfdfd,0110060dfcfdfdfd,00
1,177,1,12,2,0f261a1d061a0c14,0f261a1d061a0c14,00
1,178,1,12,4,fb04fd020414090d,fb04fd020414090d,00
1,179,1,12,6,fdff00fdfc070004,fdff00fdfc070004,00
1,180,1,13,0,01090305fffcfcfb,01090305fffcfcfb,00
1,181,1,13,2,060f090a050e0708,060f090a050e0708,00
1,182,1,13,4,01070203050c0606,01070203050c0606,00
1,183,1,13,6,fffdfcfc02080304,fffdfcfc02080304,00
1,184,1,14,0,02040302fefdfbfe,02040302fefdfbfe,00
1,185,1,14,2,070a080605090605,070a080605090605,00
1,186,1,14,4,0002ff0003060303,0002ff0003060303,00
1,187,1,14,6,fdfdfafd01030101,fdfdfafd01030101,00
1,188,1,15,0,0108040900010102,0108040900010102,00
1,189,1,15,2,040805090108040a,040805090108040a,00
1,190,1,15,4,0208040804090508,0208040804090508,00
1,191,1,15,6,0100010102080408,0100010102080408,00
1,192,1,16,0,080d0a03fd02feff,080d0a03fd02feff,00
1,193,1,16,2,161e1a0d0f161208,161e1a0d0f161208,00
1,194,1,16,4,020401fc0c110a04,020401fc0c110a04,00
1,195,1,16,6,fe02feff040704fe,fe02feff040704fe,00
1,196,1,17,0,03090d0701fcfffb,03090d0701fcfffb,00
1,197,1,17,2,0911170f050d120a,0911170f050d120a,00
1,198,1,17,4,000607030e12140a,000607030e12140a,00
1,199,1,17,6,fefbfdfc01060804,fefbfdfc01060804,00
1,200,1,18,0,fe02010901fefffd,fe02010901fefffd,00
1,201,1,18,2,090e0d12ff04020b,090e0d12ff04020b,00
1,202,1,18,4,fd00fe050d0e0e0e,fd00fe050d0e0e0e,00
1,203,1,18,6,ff00fffdfe01ff06,ff00fffdfe01ff06,00
1,204,1,19,0,ffff0502040202ff,ffff0502040202ff,00
1,205,1,19,2,01010702ff000602,01010702ff000602,00
1,206,1,19,4,ffff040102030705,ffff040102030705,00
1,207,1,19,6,030100fdffff0401,030100fdffff0401,00
1,208,1,20,0,0411070a06050502,0411070a06050502,00
1,209,1,20,2,142a1c1a091e0f12,142a1c1a091e0f12,00
1,210,1,20,4,fd05fdff0a1c0c0d,fd05fdff0a1c0c0d,00
1,211,1,20,6,06060702fe080002,06060702fe080002,00
1,212,1,21,0,00fffe0006030302,00fffe0006030302,00
1,213,1,21,2,fefcfcfdfefdfdfe,fefcfcfdfefdfdfe,00
1,214,1,21,4,0100000102fdfefe,0100000102fdfefe,00
1,215,1,21,6,0301020200ffff01,0301020200ffff01,00
1,216,1,22,0,06fe020126223830,06fe020126223830,00
1,217,1,22,2,fcfb0002fef9fbfc,fcfb0002fef9fbfc,00
1,218,1,22,4,0c010b0500fb0305,0c010b0500fb0305,00
1,219,1,22,6,252436330d020b05,252436330d020b05,00
1,220,1,23,0,070705fffefdfcfb,070705fffefdfcfb,00
1,221,1,23,2,0a0a0701090906ff,0a0a0701090906ff,00
1,222,1,23,4,050502fd09080400,050502fd09080400,00
1,223,1,23,6,fefdfcfb050503fd,fefdfcfb050503fd,00
1,224,1,24,0,07090e03fcfcfcfb,07090e03fcfcfcfb,00
1,225,1,24,2,0e1116090b0e1307,0e1116090b0e1307,00
1,226,1,24,4,030406ff0e111307,030406ff0e111307,00
1,227,1,24,6,fbfafbfa03060801,fbfafbfa03060801,00
1,228,1,25,0,04fd040723211e1f,04fd040723211e1f,00
1,229,1,25,2,fdfbfe02fef8fe03,fdfbfe02fef8fe03,00
1,230,1,25,4,07fe090c00fb0106,07fe090c00fb0106,00
1,231,1,25,6,221b1f2007fe080a,221b1f2007fe080a,00
1,232,1,26,0,06fd03042c23241e,06fd03042c23241e,00
1,233,1,26,2,fdfcfc03fef9fcff,fdfcfc03fef9fcff,00
1,234,1,26,4,0bff0a0a01fafd01,0bff0a0a01fafd01,00
1,235,1,26,6,29242a280b010a0a,29242a280b010a0a,00
1,236,1,27,0,ff0101fefefe01fd,ff0101fefefe01fd,00
1,237,1,27,2,05070503000202ff,05070503000202ff,00
1,238,1,27,4,fe0100fe03040501,fe0100fe03040501,00
1,239,1,27,6,010200fefe0100fe,010200fefe0100fe,00
1,240,1,28,0,fe010205fefefeff,fe010205fefefeff,00
1,241,1,28,2,06040707ff020406,06040707ff020406,00
1,242,1,28,4,fe01020405050708,fe01020405050708,00
1,243,1,28,6,02ff01ff00010204,02ff01ff00010204,00
1,244,1,29,0,fe02000600020808,fe02000600020808,00
1,245,1,29,2,0509080dff040207,0509080dff040207,00
1,246,1,29,4,fe0100050307080b,fe0100050307080b,00
1,247,1,29,6,02020505ff030106,02020505ff030106,00
1,248,1,30,0,ff0b0509050601fd,ff0b0509050601fd,00
1,249,1,30,2,0c20111704150b11,0c20111704150b11,00
1,250,1,30,4,fa03fe010511080a,fa03fe010511080a,00
1,251,1,30,6,040502fdfc060104,040502fdfc060104,00
1,252,1,31,0,02020504010b0a0b,02020504010b0a0b,00
1,253,1,31,2,0a12100f03030706,0a12100f03030706,00
1,254,1,31,4,01ff02011613160f,01ff02011613160f,00
1,255,1,31,6,fd090409fffe0201,fd090409fffe0201,00
1,256,2,0,0,fefcfb0201fffe03,fefcfb0201fffe03,00
1,257,2,0,2,fcfafafffcfafa02,fcfafafffcfafa02,00
1,258,2,0,4,1315121003fffe04,1315121003fffe04,00
1,259,2,0,6,0d0e0c091a1e1b14,0d0e0c091a1e1b14,00
1,260,2,1,0,0f13151102030304,0f13151102030304,00
1,261,2,1,2,181f1c1414191914,181f1c1414191914,00
1,262,2,1,4,fcfdfdfd070a0b08,fcfdfdfd070a0b08,00
1,263,2,1,6,fafbfafcf9f8f8f9,fafbfafcf9f8f8f9,00
1,264,2,2,0,fdfbfe0301020a0c,fdfbfe0301020a0c,00
1,265,2,2,2,fdfb0103fcfafd03,fdfb0103fcfafd03,00
1,266,2,2,4,09090a0b03ff0205,09090a0b03ff0205,00
1,267,2,2,6,060b14140e0f1010,060b14140e0f1010,00
1,268,2,3,0,030308fe030103fc,030308fe030103fc,00
1,269,2,3,2,060308fe050509fe,060308fe050509fe,00
1,270,2,3,4,fffefefd020205fe,fffefefd020205fe,00
1,271,2,3,6,fffdfdfbfcfcfbfb,fffdfdfbfcfcfbfb,00
1,272,2,4,0,030105ff020105ff,030105ff020105ff,00
1,273,2,4,2,030004ff030005ff,030004ff030005ff,00
1,274,2,4,4,fdfd000101fe0401,fdfd000101fe0401,00
1,275,2,4,6,feff0100ff000102,feff0100ff000102,00
1,276,2,5,0,fcfafa0702ff0007,fcfafa0702ff0007,00
1,277,2,5,2,fbfbfb03faf9fa06,fbfbfb03faf9fa06,00
1,278,2,5,4,1516141800fdfe08,1516141800fdfe08,00
1,279,2,5,6,10110e0e2425201c,10110e0e2425201c,00
1,280,2,6,0,040602fa05070a05,040602fa05070a05,00
1,281,2,6,2,040502fa040703fa,040502fa040703fa,00
1,282,2,6,4,fcfcfbfb020104ff,fcfcfbfb020104ff,00
1,283,2,6,6,ff000402fcfcfbfd,ff000402fcfcfbfd,00
1,284,2,7,0,0a0b08fe020202fd,0a0b08fe020202fd,00
1,285,2,7,2,0a0b09000b0c0aff,0a0b09000b0c0aff,00
1,286,2,7,4,fafafafa010101fe,fafafafa010101fe,00
1,287,2,7,6,fcfbfdfcf9f9f9f9,fcfbfdfcf9f9f9f9,00
1,288,2,8,0,020101fc03030403,020101fc03030403,00
1,289,2,8,2,030202fe020101fc,030202fe020101fc,00
1,290,2,8,4,0001fffd03020301,0001fffd03020301,00
1,291,2,8,6,ffff0202fe0001fe,ffff0202fe0001fe,00
1,292,2,9,0,fefe020503020203,fefe020503020203,00
1,293,2,9,2,0707060900ff0206,0707060900ff0206,00
1,294,2,9,4,0202010102020407,0202010102020407,00
1,295,2,9,6,03030102fdfcfdfe,03030102fdfcfdfe,00
1,296,2,10,0,08060c0a00ff0302,08060c0a00ff0302,00
1,297,2,10,2,1312130d0c0a0f0c,1312130d0c0a0f0c,00
1,298,2,10,4,fdfdfffe05050806,fdfdfffe05050806,00
1,299,2,10,6,fbfbfefcf9f8f9fa,fbfbfefcf9f8f9fa,00
1,300,2,11,0,fcfb0102fefc0403,fcfb0102fefc0403,00
1,301,2,11,2,fefd0101fcfa0102,fefd0101fcfa0102,00
1,302,2,11,4,0d0c0c0c01ff0503,0d0c0c0c01ff0503,00
1,303,2,11,6,07070c0c0e0e0c0f,07070c0c0e0e0c0f,00
1,304,2,12,0,262f370f02071006,262f370f02071006,00
1,305,2,12,2,353f4317343f4314,353f4317343f4314,00
1,306,2,12,4,fbfcfcfc0c111805,fbfcfcfc0c111805,00
1,307,2,12,6,fd020804fefefefe,fd020804fefefefe,00
1,308,2,13,0,0c0f190d05040503,0c0f190d05040503,00
1,309,2,13,2,11131c0f11151e10,11131c0f11151e10,00
1,310,2,13,4,fbfbfcfb06080d06,fbfbfcfb06080d06,00
1,311,2,13,6,fefdfcfdf9f8f8f9,fefdfcfdf9f8f8f9,00
1,312,2,14,0,0e16160e02030401,0e16160e02030401,00
1,313,2,14,2,121b180f131d1b11,121b180f131d1b11,00
1,314,2,14,4,f9fafafa04090806,f9fafafa04090806,00
1,315,2,14,6,fefdfbfaf9f9f9f9,fefdfbfaf9f9f9f9,00
1,316,2,15,0,0202090c02040605,0202090c02040605,00
1,317,2,15,2,0701080a0201090c,0701080a0201090c,00
1,318,2,15,4,0101020205060c09,0101020205060c09,00
1,319,2,15,6,fefefefefdfcfdfd,fefefefefdfcfdfd,00
1,320,2,16,0,241f300f04060a01,241f300f04060a01,00
1,321,2,16,2,2f2d3516322c3a14,2f2d3516322c3a14,00
1,322,2,16,4,fbfbfcfb0c091304,fbfbfcfb0c091304,00
1,323,2,16,6,fe0202fffefefefe,fe0202fffefefefe,00
1,324,2,17,0,0d0b14040d0d0c06,0d0b14040d0d0c06,00
1,325,2,17,2,1210180a110f1706,1210180a110f1706,00
1,326,2,17,4,f9f9faf910101307,f9f9faf910101307,00
1,327,2,17,6,fcfcfcfef9f9f9f8,fcfcfcfef9f9f9f8,00
1,328,2,18,0,050506040b0d0704,050506040b0d0704,00
1,329,2,18,2,1319120906070805,1319120906070805,00
1,330,2,18,4,fbfafafa11140e06,fbfafafa11140e06,00
1,331,2,18,6,fdfefe00f9f8f8f8,fdfefe00f9f8f8f8,00
1,332,2,19,0,0100010403030504,0100010403030504,00
1,333,2,19,2,0101030501000104,0101030501000104,00
1,334,2,19,4,fefdfdfe03040404,fefdfdfe03040404,00
1,335,2,19,6,010101fffefcfcfc,010101fffefcfcfc,00
1,336,2,20,0,242c380f070c1a11,242c380f070c1a11,00
1,337,2,20,2,353c4619333c4514,353c4619333c4514,00
1,338,2,20,4,fcfcfcfc0b131f0b,fcfcfcfc0b131f0b,00
1,339,2,20,6,02050f0dfefefefe,02050f0dfefefefe,00
1,340,2,21,0,fdfcfbfe02fefefe,fdfcfbfe02fefefe,00
1,341,2,21,2,fdfdfafcfcfbfbfd,fdfdfafcfcfbfbfd,00
1,342,2,21,4,0505040402fffdfe,0505040402fffdfe,00
1,343,2,21,6,050403020a0a0706,050403020a0a0706,00
1,344,2,22,0,fafbfb04fdfafc0c,fafbfb04fdfafc0c,00
1,345,2,22,2,ff01fe04fbfdfd03,ff01fe04fbfdfd03,00
1,346,2,22,4,43484542fefdfd0c,43484542fefdfd0c,00
1,347,2,22,6,343936386670695d,343936386670695d,00
1,348,2,23,0,0a080f05060607ff,0a080f05060607ff,00
1,349,2,23,2,0d0b0f050c0a1106,0d0b0f050c0a1106,00
1,350,2,23,4,fbfbfcfa07070b02,fbfbfcfa07070b02,00
1,351,2,23,6,fefefcfaf9f9f9f9,fefefcfaf9f9f9f9,00
1,352,2,24,0,1c1b1905090a0c03,1c1b1905090a0c03,00
1,353,2,24,2,22221d0a25231f07,22221d0a25231f07,00
1,354,2,24,4,fafafaf911141205,fafafaf911141205,00
1,355,2,24,6,fafafcfef9f9f9f9,fafafcfef9f9f9f9,00
1,356,2,25,0,fbfafa0202fb000d,fbfafa0202fb000d,00
1,357,2,25,2,fefdfdfcfbfbfbfe,fefdfdfcfbfbfbfe,00
1,358,2,25,4,3336343a00fbfc0c,3336343a00fbfc0c,00
1,359,2,25,6,2e2e2b2b54595451,2e2e2b2b54595451,00
1,360,2,26,0,fafbfb0401fafb08,fafbfb0401fafb08,00
1,361,2,26,2,01fffdfffbfcfc02,01fffdfffbfcfc02,00
1,362,2,26,4,454c4645fefdfd0b,454c4645fefdfd0b,00
1,363,2,26,6,3a3b36316a736a5c,3a3b36316a736a5c,00
1,364,2,27,0,020203fe03030301,020203fe03030301,00
1,365,2,27,2,08030602020204ff,08030602020204ff,00
1,366,2,27,4,fdfcfcfb04050501,fdfcfcfb04050501,00
1,367,2,27,6,01fcfcfcfafafafa,01fcfcfcfafafafa,00
1,368,2,28,0,ff01030504050307,ff01030504050307,00
1,369,2,28,2,07070709ff020406,07070709ff020406,00
1,370,2,28,4,fdfdfdfd07080605,fdfdfdfd07080605,00
1,371,2,28,6,00fcfd04fbfafafb,00fcfd04fbfafafb,00
1,372,2,29,0,000303fe0307060b,000303fe0307060b,00
1,373,2,29,2,0a0b0905010403ff,0a0b0905010403ff,00
1,374,2,29,4,fdfefefe03070908,fdfefefe03070908,00
1,375,2,29,6,ff01030bfafafbfe,ff01030bfafafbfe,00
1,376,2,30,0,22292e0602041208,22292e0602041208,00
1,377,2,30,2,2e353b0f2f37390a,2e353b0f2f37390a,00
1,378,2,30,4,fbfbfbfb0b0e1501,fbfbfbfb0b0e1501,00
1,379,2,30,6,fe000a07fefefefd,fe000a07fefefefd,00
1,380,2,31,0,070b110c141a1516,070b110c141a1516,00
1,381,2,31,2,0e131d15080c130e,0e131d15080c130e,00
1,382,2,31,4,f9f9fbfa171d180f,f9f9fbfa171d180f,00
1,383,2,31,6,fefd030bf9f8f8f8,fefd030bf9f8f8f8,00
2,0,0,0,0,0e0c0c0d0e0c0c0d,0e0c0c0d0e0c0c0d,00
2,1,0,0,2,0e0c0c0d0e0c0c0d,0e0c0c0d0e0c0c0d,00
2,2,0,0,4,0e0c0c0d0e0c0c0d,0e0c0c0d0e0c0c0d,00
2,3,0,0,6,0e0c0c0d0e0c0c0d,0e0c0c0d0e0c0c0d,00
2,4,0,1,0,f9f9f9f9f9f9f9f9,f9f9f9f9f9f9f9f9,00
2,5,0,1,2,f9f9f9f9f9f9f9f9,f9f9f9f9f9f9f9f9,00
2,6,0,1,4,f9f9f9f9f9f9f9f9,f9f9f9f9f9f9f9f9,00
2,7,0,1,6,f9f9f9f9f9f9f9f9,f9f9f9f9f9f9f9f9,00
2,8,0,2,0,0e0e0e0d0e0e0e0d,0e0e0e0d0e0e0e0d,00
2,9,0,2,2,0e0e0e0d0e0e0e0d,0e0e0e0d0e0e0e0d,00
2,10,0,2,4,0e0e0e0d0e0e0e0d,0e0e0e0d0e0e0e0d,00
2,11,0,2,6,0e0e0e0d0e0e0e0d,0e0e0e0d0e0e0e0d,00
2,12,0,3,0,fe000001fe000001,fe000001fe000001,00
2,13,0,3,2,fe000001fe000001,fe000001fe000001,00
2,14,0,3,4,fe000001fe000001,fe000001fe000001,00
2,15,0,3,6,feffff00fe000001,feffff00fe000001,00
2,16,0,4,0,0304040303040403,0304040303040403,00
2,17,0,4,2,0304040303040403,0304040303040403,00
2,18,0,4,4,0304040303040403,0304040303040403,00
2,19,0,4,6,0304040303040403,0304040303040403,00
2,20,0,5,0,1a1a1a1b1a1b1b1b,1a1a1a1b1a1b1b1b,00
2,21,0,5,2,1a1a1a1b1a1a1a1b,1a1a1a1b1a1a1a1b,00
2,22,0,5,4,1a1a1a1b1a1a1a1b,1a1a1a1b1a1a1a1b,00
2,23,0,5,6,1a1b1b1b1a1a1a1b,1a1b1b1b1a1a1a1b,00
2,24,0,6,0,fdfefefefdfefefe,fdfefefefdfefefe,00
2,25,0,6,2,fdfefefefdfefefe,fdfefefefdfefefe,00
2,26,0,6,4,fdfefefefdfefefe,fdfefefefdfefefe,00
2,27,0,6,6,fdfefefefdfefefe,fdfefefefdfefefe,00
2,28,0,7,0,fafafafafafafafa,fafafafafafafafa,00
2,29,0,7,2,fafafafafafafafa,fafafafafafafafa,00
2,30,0,7,4,fafafafafafafafa,fafafafafafafafa,00
2,31,0,7,6,fafafafafafafafa,fafafafafafafafa,00
2,32,0,8,0,fcfbfbfbfcfbfbfb,fcfbfbfbfcfbfbfb,00
2,33,0,8,2,fcfbfbfbfcfbfbfb,fcfbfbfbfcfbfbfb,00
2,34,0,8,4,fcfbfbfbfcfbfbfb,fcfbfbfbfcfbfbfb,00
2,35,0,8,6,fcfcfcfcfcfbfbfb,fcfcfcfcfcfbfbfb,00
2,36,0,9,0,000000ff010000ff,000000ff010000ff,00
2,37,0,9,2,000000ff000000ff,000000ff000000ff,00
2,38,0,9,4,000000ff000000ff,000000ff000000ff,00
2,39,0,9,6,000000ff000000ff,000000ff000000ff,00
2,40,0,10,0,fbfafafafbfafafa,fbfafafafbfafafa,00
2,41,0,10,2,fbfafafafbfafafa,fbfafafafbfafafa,00
2,42,0,10,4,fbfafafafbfafafa,fbfafafafbfafafa,00
2,43,0,10,6,fbfafafafbfafafa,fbfafafafbfafafa,00
2,44,0,11,0,0a0b0b0e0a0c0c0e,0a0b0b0e0a0c0c0e,00
2,45,0,11,2,0a0b0b0e0a0b0b0e,0a0b0b0e0a0b0b0e,00
2,46,0,11,4,0a0b0b0e0a0b0b0e,0a0b0b0e0a0b0b0e,00
2,47,0,11,6,0a0b0b0e0a0b0b0e,0a0b0b0e0a0b0b0e,00
2,48,0,12,0,fcfcfcfcfcfcfcfc,fcfcfcfcfcfcfcfc,00
2,49,0,12,2,fcfcfcfcfcfcfcfc,fcfcfcfcfcfcfcfc,00
2,50,0,12,4,fcfcfcfcfcfcfcfc,fcfcfcfcfcfcfcfc,00
2,51,0,12,6,fcfcfcfcfcfcfcfc,fcfcfcfcfcfcfcfc,00
2,52,0,13,0,faf9f9f9faf9f9f9,faf9f9f9faf9f9f9,00
2,53,0,13,2,faf9f9f9faf9f9f9,faf9f9f9faf9f9f9,00
2,54,0,13,4,faf9f9f9faf9f9f9,faf9f9f9faf9f9f9,00
2,55,0,13,6,faf9f9f9faf9f9f9,faf9f9f9faf9f9f9,00
2,56,0,14,0,f8f8f8f8f8f8f8f8,f8f8f8f8f8f8f8f8,00
2,57,0,14,2,f8f8f8f8f8f8f8f8,f8f8f8f8f8f8f8f8,00
2,58,0,14,4,f8f8f8f8f8f8f8f8,f8f8f8f8f8f8f8f8,00
2,59,0,14,6,f8f8f8f8f8f8f8f8,f8f8f8f8f8f8f8f8,00
2,60,0,15,0,fefcfcfdfefcfcfd,fefcfcfdfefcfcfd,00
2,61,0,15,2,fefcfcfdfefcfcfd,fefcfcfdfefcfcfd,00
2,62,0,15,4,fefcfcfdfefcfcfd,fefcfcfdfefcfcfd,00
2,63,0,15,6,fefdfdfdfefcfcfd,fefdfdfdfefcfcfd,00
2,64,0,16,0,fdfdfdfdfdfdfdfd,fdfdfdfdfdfdfdfd,00
2,65,0,16,2,fdfdfdfdfdfdfdfd,fdfdfdfdfdfdfdfd,00
2,66,0,16,4,fdfdfdfdfdfdfdfd,fdfdfdfdfdfdfdfd,00
2,67,0,16,6,fdfdfdfdfdfdfdfd,fdfdfdfdfdfdfdfd,00
2,68,0,17,0,f8f8f8f8f8f8f8f8,f8f8f8f8f8f8f8f8,00
2,69,0,17,2,f8f8f8f8f8f8f8f8,f8f8f8f8f8f8f8f8,00
2,70,0,17,4,f8f8f8f8f8f8f8f8,f8f8f8f8f8f8f8f8,00
2,71,0,17,6,f8f8f8f8f8f8f8f8,f8f8f8f8f8f8f8f8,00
2,72,0,18,0,f8f8f8f8f8f8f8f8,f8f8f8f8f8f8f8f8,00
2,73,0,18,2,f8f8f8f8f8f8f8f8,f8f8f8f8f8f8f8f8,00
2,74,0,18,4,f8f8f8f8f8f8f8f8,f8f8f8f8f8f8f8f8,00
2,75,0,18,6,f8f8f8f8f8f8f8f8,f8f8f8f8f8f8f8f8,00
2,76,0,19,0,fcfbfbfcfcfbfbfc,fcfbfbfcfcfbfbfc,00
2,77,0,19,2,fcfbfbfcfcfbfbfc,fcfbfbfcfcfbfbfc,00
2,78,0,19,4,fcfbfbfcfcfbfbfc,fcfbfbfcfcfbfbfc,00
2,79,0,19,6,fcfcfcfcfcfbfbfc,fcfcfcfcfcfbfbfc,00
2,80,0,20,0,fdfdfdfdfdfdfdfd,fdfdfdfdfdfdfdfd,00
2,81,0,20,2,fdfdfdfdfdfdfdfd,fdfdfdfdfdfdfdfd,00
2,82,0,20,4,fdfdfdfdfdfdfdfd,fdfdfdfdfdfdfdfd,00
2,83,0,20,6,fdfdfdfdfdfdfdfd,fdfdfdfdfdfdfdfd,00
2,84,0,21,0,0606060606050506,0606060606050506,00
2,85,0,21,2,0606060606060606,0606060606060606,00
2,86,0,21,4,0606060606060606,0606060606060606,00
2,87,0,21,6,0606060606060606,0606060606060606,00
2,88,0,22,0,494a4a47494a4a47,494a4a47494a4a47,00
2,89,0,22,2,494a4a47494a4a47,494a4a47494a4a47,00
2,90,0,22,4,494a4a47494a4a47,494a4a47494a4a47,00
2,91,0,22,6,494a4a47494a4a47,494a4a47494a4a47,00
2,92,0,23,0,f8f8f8f9f8f8f8f9,f8f8f8f9f8f8f8f9,00
2,93,0,23,2,f8f8f8f9f8f8f8f9,f8f8f8f9f8f8f8f9,00
2,94,0,23,4,f8f8f8f9f8f8f8f9,f8f8f8f9f8f8f8f9,00
2,95,0,23,6,f8f8f8f9f8f8f8f9,f8f8f8f9f8f8f8f9,00
2,96,0,24,0,f8f8f8f8f8f8f8f8,f8f8f8f8f8f8f8f8,00
2,97,0,24,2,f8f8f8f8f8f8f8f8,f8f8f8f8f8f8f8f8,00
2,98,0,24,4,f8f8f8f8f8f8f8f8,f8f8f8f8f8f8f8f8,00
2,99,0,24,6,f8f8f8f8f8f8f8f8,f8f8f8f8f8f8f8f8,00
2,100,0,25,0,4748484a4748484a,4748484a4748484a,00
2,101,0,25,2,4748484a4748484a,4748484a4748484a,00
2,102,0,25,4,4748484a4748484a,4748484a4748484a,00
2,103,0,25,6,4748484a4748484a,4748484a4748484a,00
2,104,0,26,0,4a4a4a494a4a4a49,4a4a4a494a4a4a49,00
2,105,0,26,2,4a4a4a494a4a4a49,4a4a4a494a4a4a49,00
2,106,0,26,4,4a4a4a494a4a4a49,4a4a4a494a4a4a49,00
2,107,0,26,6,4a4b4b4a4a4a4a49,4a4b4b4a4a4a4a49,00
2,108,0,27,0,faf9f9f9faf9f9f9,faf9f9f9faf9f9f9,00
2,109,0,27,2,faf9f9f9faf9f9f9,faf9f9f9faf9f9f9,00
2,110,0,27,4,faf9f9f9faf9f9f9,faf9f9f9faf9f9f9,00
2,111,0,27,6,faf9f9f9faf9f9f9,faf9f9f9faf9f9f9,00
2,112,0,28,0,fdfdfdfdfdfdfdfd,fdfdfdfdfdfdfdfd,00
2,113,0,28,2,fdfdfdfdfdfdfdfd,fdfdfdfdfdfdfdfd,00
2,114,0,28,4,fdfdfdfdfdfdfdfd,fdfdfdfdfdfdfdfd,00
2,115,0,28,6,fdfdfdfdfdfdfdfd,fdfdfdfdfdfdfdfd,00
2,116,0,29,0,04020200030202ff,04020200030202ff,00
2,117,0,29,2,0402020004020200,0402020004020200,00
2,118,0,29,4,0402020004020200,0402020004020200,00
2,119,0,29,6,040202ff04020200,040202ff04020200,00
2,120,0,30,0,fbfbfbfbfbfbfbfb,fbfbfbfbfbfbfbfb,00
2,121,0,30,2,fbfbfbfbfbfbfbfb,fbfbfbfbfbfbfbfb,00
2,122,0,30,4,fbfbfbfbfbfbfbfb,fbfbfbfbfbfbfbfb,00
2,123,0,30,6,fbfbfbfbfbfbfbfb,fbfbfbfbfbfbfbfb,00
2,124,0,31,0,f8f8f8f8f8f8f8f8,f8f8f8f8f8f8f8f8,00
2,125,0,31,2,f8f8f8f8f8f8f8f8,f8f8f8f8f8f8f8f8,00
2,126,0,31,4,f8f8f8f8f8f8f8f8,f8f8f8f8f8f8f8f8,00
2,127,0,31,6,f8f8f8f8f8f8f8f8,f8f8f8f8f8f8f8f8,00
2,128,1,0,0,0e0c0c0d0e0c0c0d,0e0c0c0d0e0c0c0d,00
2,129,1,0,2,0e0c0c0d0e0c0c0d,0e0c0c0d0e0c0c0d,00
2,130,1,0,4,0e0c0c0d0e0c0c0d,0e0c0c0d0e0c0c0d,00
2,131,1,0,6,0e0c0c0d0e0c0c0d,0e0c0c0d0e0c0c0d,00
2,132,1,1,0,f9f9f9f9f9f9f9f9,f9f9f9f9f9f9f9f9,00
2,133,1,1,2,f9f9f9f9f9f9f9f9,f9f9f9f9f9f9f9f9,00
2,134,1,1,4,f9f9f9f9f9f9f9f9,f9f9f9f9f9f9f9f9,00
2,135,1,1,6,f9f9f9f9f9f9f9f9,f9f9f9f9f9f9f9f9,00
2,136,1,2,0,0e0e0e0d0e0e0e0d,0e0e0e0d0e0e0e0d,00
2,137,1,2,2,0e0e0e0d0e0e0e0d,0e0e0e0d0e0e0e0d,00
2,138,1,2,4,0e0e0e0d0e0e0e0d,0e0e0e0d0e0e0e0d,00
2,139,1,2,6,0e0e0e0d0e0e0e0d,0e0e0e0d0e0e0e0d,00
2,140,1,3,0,fe000001fe000001,fe000001fe000001,00
2,141,1,3,2,fe000001fe000001,fe000001fe000001,00
2,142,1,3,4,fe000001fe000001,fe000001fe000001,00
2,143,1,3,6,feffff00fe000001,feffff00fe000001,00
2,144,1,4,0,0304040303040403,0304040303040403,00
2,145,1,4,2,0304040303040403,0304040303040403,00
2,146,1,4,4,0304040303040403,0304040303040403,00
2,147,1,4,6,0304040303040403,0304040303040403,00
2,148,1,5,0,1a1a1a1b1a1b1b1b,1a1a1a1b1a1b1b1b,00
2,149,1,5,2,1a1a1a1b1a1a1a1b,1a1a1a1b1a1a1a1b,00
2,150,1,5,4,1a1a1a1b1a1a1a1b,1a1a1a1b1a1a1a1b,00
2,151,1,5,6,1a1b1b1b1a1a1a1b,1a1b1b1b1a1a1a1b,00
2,152,1,6,0,fdfefefefdfefefe,fdfefefefdfefefe,00
2,153,1,6,2,fdfefefefdfefefe,fdfefefefdfefefe,00
2,154,1,6,4,fdfefefefdfefefe,fdfefefefdfefefe,00
2,155,1,6,6,fdfefefefdfefefe,fdfefefefdfefefe,00
2,156,1,7,0,fafafafafafafafa,fafafafafafafafa,00
2,157,1,7,2,fafafafafafafafa,fafafafafafafafa,00
2,158,1,7,4,fafafafafafafafa,fafafafafafafafa,00
2,159,1,7,6,fafafafafafafafa,fafafafafafafafa,00
2,160,1,8,0,fcfbfbfbfcfbfbfb,fcfbfbfbfcfbfbfb,00
2,161,1,8,2,fcfbfbfbfcfbfbfb,fcfbfbfbfcfbfbfb,00
2,162,1,8,4,fcfbfbfbfcfbfbfb,fcfbfbfbfcfbfbfb,00
2,163,1,8,6,fcfcfcfcfcfbfbfb,fcfcfcfcfcfbfbfb,00
2,164,1,9,0,000000ff010000ff,000000ff010000ff,00
2,165,1,9,2,000000ff000000ff,000000ff000000ff,00
2,166,1,9,4,000000ff000000ff,000000ff000000ff,00
2,167,1,9,6,000000ff000000ff,000000ff000000ff,00
2,168,1,10,0,fbfafafafbfafafa,fbfafafafbfafafa,00
2,169,1,10,2,fbfafafafbfafafa,fbfafafafbfafafa,00
2,170,1,10,4,fbfafafafbfafafa,fbfafafafbfafafa,00
2,171,1,10,6,fbfafafafbfafafa,fbfafafafbfafafa,00
2,172,1,11,0,0a0b0b0e0a0c0c0e,0a0b0b0e0a0c0c0e,00
2,173,1,11,2,0a0b0b0e0a0b0b0e,0a0b0b0e0a0b0b0e,00
2,174,1,11,4,0a0b0b0e0a0b0b0e,0a0b0b0e0a0b0b0e,00
2,175,1,11,6,0a0b0b0e0a0b0b0e,0a0b0b0e0a0b0b0e,00
2,176,1,12,0,fcfcfcfcfcfcfcfc,fcfcfcfcfcfcfcfc,00
2,177,1,12,2,fcfcfcfcfcfcfcfc,fcfcfcfcfcfcfcfc,00
2,178,1,12,4,fcfcfcfcfcfcfcfc,fcfcfcfcfcfcfcfc,00
2,179,1,12,6,fcfcfcfcfcfcfcfc,fcfcfcfcfcfcfcfc,00
2,180,1,13,0,faf9f9f9faf9f9f9,faf9f9f9faf9f9f9,00
2,181,1,13,2,faf9f9f9faf9f9f9,faf9f9f9faf9f9f9,00
2,182,1,13,4,faf9f9f9faf9f9f9,faf9f9f9faf9f9f9,00
2,183,1,13,6,faf9f9f9faf9f9f9,faf9f9f9faf9f9f9,00
2,184,1,14,0,f8f8f8f8f8f8f8f8,f8f8f8f8f8f8f8f8,00
2,185,1,14,2,f8f8f8f8f8f8f8f8,f8f8f8f8f8f8f8f8,00
2,186,1,14,4,f8f8f8f8f8f8f8f8,f8f8f8f8f8f8f8f8,00
2,187,1,14,6,f8f8f8f8f8f8f8f8,f8f8f8f8f8f8f8f8,00
2,188,1,15,0,fefcfcfdfefcfcfd,fefcfcfdfefcfcfd,00
2,189,1,15,2,fefcfcfdfefcfcfd,fefcfcfdfefcfcfd,00
2,190,1,15,4,fefcfcfdfefcfcfd,fefcfcfdfefcfcfd,00
2,191,1,15,6,fefdfdfdfefcfcfd,fefdfdfdfefcfcfd,00
2,192,1,16,0,fdfdfdfdfdfdfdfd,fdfdfdfdfdfdfdfd,00
2,193,1,16,2,fdfdfdfdfdfdfdfd,fdfdfdfdfdfdfdfd,00
2,194,1,16,4,fdfdfdfdfdfdfdfd,fdfdfdfdfdfdfdfd,00
2,195,1,16,6,fdfdfdfdfdfdfdfd,fdfdfdfdfdfdfdfd,00
2,196,1,17,0,f8f8f8f8f8f8f8f8,f8f8f8f8f8f8f8f8,00
2,197,1,17,2,f8f8f8f8f8f8f8f8,f8f8f8f8f8f8f8f8,00
2,198,1,17,4,f8f8f8f8f8f8f8f8,f8f8f8f8f8f8f8f8,00
2,199,1,17,6,f8f8f8f8f8f8f8f8,f8f8f8f8f8f8f8f8,00
2,200,1,18,0,f8f8f8f8f8f8f8f8,f8f8f8f8f8f8f8f8,00
2,201,1,18,2,f8f8f8f8f8f8f8f8,f8f8f8f8f8f8f8f8,00
2,202,1,18,4,f8f8f8f8f8f8f8f8,f8f8f8f8f8f8f8f8,00
2,203,1,18,6,f8f8f8f8f8f8f8f8,f8f8f8f8f8f8f8f8,00
2,204,1,19,0,fcfbfbfcfcfbfbfc,fcfbfbfcfcfbfbfc,00
2,205,1,19,2,fcfbfbfcfcfbfbfc,fcfbfbfcfcfbfbfc,00
2,206,1,19,4,fcfbfbfcfcfbfbfc,fcfbfbfcfcfbfbfc,00
2,207,1,19,6,fcfcfcfcfcfbfbfc,fcfcfcfcfcfbfbfc,00
2,208,1,20,0,fdfdfdfdfdfdfdfd,fdfdfdfdfdfdfdfd,00
2,209,1,20,2,fdfdfdfdfdfdfdfd,fdfdfdfdfdfdfdfd,00
2,210,1,20,4,fdfdfdfdfdfdfdfd,fdfdfdfdfdfdfdfd,00
2,211,1,20,6,fdfdfdfdfdfdfdfd,fdfdfdfdfdfdfdfd,00
2,212,1,21,0,0606060606050506,0606060606050506,00
2,213,1,21,2,0606060606060606,0606060606060606,00
2,214,1,21,4,0606060606060606,0606060606060606,00
2,215,1,21,6,0606060606060606,0606060606060606,00
2,216,1,22,0,494a4a47494a4a47,494a4a47494a4a47,00
2,217,1,22,2,494a4a47494a4a47,494a4a47494a4a47,00
2,218,1,22,4,494a4a47494a4a47,494a4a47494a4a47,00
2,219,1,22,6,494a4a47494a4a47,494a4a47494a4a47,00
2,220,1,23,0,f8f8f8f9f8f8f8f9,f8f8f8f9f8f8f8f9,00
2,221,1,23,2,f8f8f8f9f8f8f8f9,f8f8f8f9f8f8f8f9,00
2,222,1,23,4,f8f8f8f9f8f8f8f9,f8f8f8f9f8f8f8f9,00
2,223,1,23,6,f8f8f8f9f8f8f8f9,f8f8f8f9f8f8f8f9,00
2,224,1,24,0,f8f8f8f8f8f8f8f8,f8f8f8f8f8f8f8f8,00
2,225,1,24,2,f8f8f8f8f8f8f8f8,f8f8f8f8f8f8f8f8,00
2,226,1,24,4,f8f8f8f8f8f8f8f8,f8f8f8f8f8f8f8f8,00
2,227,1,24,6,f8f8f8f8f8f8f8f8,f8f8f8f8f8f8f8f8,00
2,228,1,25,0,4748484a4748484a,4748484a4748484a,00
2,229,1,25,2,4748484a4748484a,4748484a4748484a,00
2,230,1,25,4,4748484a4748484a,4748484a4748484a,00
2,231,1,25,6,4748484a4748484a,4748484a4748484a,00
2,232,1,26,0,4a4a4a494a4a4a49,4a4a4a494a4a4a49,00
2,233,1,26,2,4a4a4a494a4a4a49,4a4a4a494a4a4a49,00
2,234,1,26,4,4a4a4a494a4a4a49,4a4a4a494a4a4a49,00
2,235,1,26,6,4a4b4b4a4a4a4a49,4a4b4b4a4a4a4a49,00
2,236,1,27,0,faf9f9f9faf9f9f9,faf9f9f9faf9f9f9,00
2,237,1,27,2,faf9f9f9faf9f9f9,faf9f9f9faf9f9f9,00
2,238,1,27,4,faf9f9f9faf9f9f9,faf9f9f9faf9f9f9,00
2,239,1,27,6,faf9f9f9faf9f9f9,faf9f9f9faf9f9f9,00
2,240,1,28,0,fdfdfdfdfdfdfdfd,fdfdfdfdfdfdfdfd,00
2,241,1,28,2,fdfdfdfdfdfdfdfd,fdfdfdfdfdfdfdfd,00
2,242,1,28,4,fdfdfdfdfdfdfdfd,fdfdfdfdfdfdfdfd,00
2,243,1,28,6,fdfdfdfdfdfdfdfd,fdfdfdfdfdfdfdfd,00
2,244,1,29,0,04020200030202ff,04020200030202ff,00
2,245,1,29,2,0402020004020200,0402020004020200,00
2,246,1,29,4,0402020004020200,0402020004020200,00
2,247,1,29,6,040202ff04020200,040202ff04020200,00
2,248,1,30,0,fbfbfbfbfbfbfbfb,fbfbfbfbfbfbfbfb,00
2,249,1,30,2,fbfbfbfbfbfbfbfb,fbfbfbfbfbfbfbfb,00
2,250,1,30,4,fbfbfbfbfbfbfbfb,fbfbfbfbfbfbfbfb,00
2,251,1,30,6,fbfbfbfbfbfbfbfb,fbfbfbfbfbfbfbfb,00
2,252,1,31,0,f8f8f8f8f8f8f8f8,f8f8f8f8f8f8f8f8,00
2,253,1,31,2,f8f8f8f8f8f8f8f8,f8f8f8f8f8f8f8f8,00
2,254,1,31,4,f8f8f8f8f8f8f8f8,f8f8f8f8f8f8f8f8,00
2,255,1,31,6,f8f8f8f8f8f8f8f8,f8f8f8f8f8f8f8f8,00
2,256,2,0,0,0e0c0c0d0e0c0c0d,0e0c0c0d0e0c0c0d,00
2,257,2,0,2,0e0c0c0d0e0c0c0d,0e0c0c0d0e0c0c0d,00
2,258,2,0,4,0e0c0c0d0e0c0c0d,0e0c0c0d0e0c0c0d,00
2,259,2,0,6,0e0c0c0d0e0c0c0d,0e0c0c0d0e0c0c0d,00
2,260,2,1,0,f9f9f9f9f9f9f9f9,f9f9f9f9f9f9f9f9,00
2,261,2,1,2,f9f9f9f9f9f9f9f9,f9f9f9f9f9f9f9f9,00
2,262,2,1,4,f9f9f9f9f9f9f9f9,f9f9f9f9f9f9f9f9,00
2,263,2,1,6,f9f9f9f9f9f9f9f9,f9f9f9f9f9f9f9f9,00
2,264,2,2,0,0e0e0e0d0e0e0e0d,0e0e0e0d0e0e0e0d,00
2,265,2,2,2,0e0e0e0d0e0e0e0d,0e0e0e0d0e0e0e0d,00
2,266,2,2,4,0e0e0e0d0e0e0e0d,0e0e0e0d0e0e0e0d,00
2,267,2,2,6,0e0e0e0d0e0e0e0d,0e0e0e0d0e0e0e0d,00
2,268,2,3,0,fe000001fe000001,fe000001fe000001,00
2,269,2,3,2,fe000001fe000001,fe000001fe000001,00
2,270,2,3,4,fe000001fe000001,fe000001fe000001,00
2,271,2,3,6,feffff00fe000001,feffff00fe000001,00
2,272,2,4,0,0304040303040403,0304040303040403,00
2,273,2,4,2,0304040303040403,0304040303040403,00
2,274,2,4,4,0304040303040403,0304040303040403,00
2,275,2,4,6,0304040303040403,0304040303040403,00
2,276,2,5,0,1a1a1a1b1a1b1b1b,1a1a1a1b1a1b1b1b,00
2,277,2,5,2,1a1a1a1b1a1a1a1b,1a1a1a1b1a1a1a1b,00
2,278,2,5,4,1a1a1a1b1a1a1a1b,1a1a1a1b1a1a1a1b,00
2,279,2,5,6,1a1b1b1b1a1a1a1b,1a1b1b1b1a1a1a1b,00
2,280,2,6,0,fdfefefefdfefefe,fdfefefefdfefefe,00
2,281,2,6,2,fdfefefefdfefefe,fdfefefefdfefefe,00
2,282,2,6,4,fdfefefefdfefefe,fdfefefefdfefefe,00
2,283,2,6,6,fdfefefefdfefefe,fdfefefefdfefefe,00
2,284,2,7,0,fafafafafafafafa,fafafafafafafafa,00
2,285,2,7,2,fafafafafafafafa,fafafafafafafafa,00
2,286,2,7,4,fafafafafafafafa,fafafafafafafafa,00
2,287,2,7,6,fafafafafafafafa,fafafafafafafafa,00
2,288,2,8,0,fcfbfbfbfcfbfbfb,fcfbfbfbfcfbfbfb,00
2,289,2,8,2,fcfbfbfbfcfbfbfb,fcfbfbfbfcfbfbfb,00
2,290,2,8,4,fcfbfbfbfcfbfbfb,fcfbfbfbfcfbfbfb,00
2,291,2,8,6,fcfcfcfcfcfbfbfb,fcfcfcfcfcfbfbfb,00
2,292,2,9,0,000000ff010000ff,000000ff010000ff,00
2,293,2,9,2,000000ff000000ff,000000ff000000ff,00
2,294,2,9,4,000000ff000000ff,000000ff000000ff,00
2,295,2,9,6,000000ff000000ff,000000ff000000ff,00
2,296,2,10,0,fbfafafafbfafafa,fbfafafafbfafafa,00
2,297,2,10,2,fbfafafafbfafafa,fbfafafafbfafafa,00
2,298,2,10,4,fbfafafafbfafafa,fbfafafafbfafafa,00
2,299,2,10,6,fbfafafafbfafafa,fbfafafafbfafafa,00
2,300,2,11,0,0a0b0b0e0a0c0c0e,0a0b0b0e0a0c0c0e,00
2,301,2,11,2,0a0b0b0e0a0b0b0e,0a0b0b0e0a0b0b0e,00
2,302,2,11,4,0a0b0b0e0a0b0b0e,0a0b0b0e0a0b0b0e,00
2,303,2,11,6,0a0b0b0e0a0b0b0e,0a0b0b0e0a0b0b0e,00
2,304,2,12,0,fcfcfcfcfcfcfcfc,fcfcfcfcfcfcfcfc,00
2,305,2,12,2,fcfcfcfcfcfcfcfc,fcfcfcfcfcfcfcfc,00
2,306,2,12,4,fcfcfcfcfcfcfcfc,fcfcfcfcfcfcfcfc,00
2,307,2,12,6,fcfcfcfcfcfcfcfc,fcfcfcfcfcfcfcfc,00
2,308,2,13,0,faf9f9f9faf9f9f9,faf9f9f9faf9f9f9,00
2,309,2,13,2,faf9f9f9faf9f9f9,faf9f9f9faf9f9f9,00
2,310,2,13,4,faf9f9f9faf9f9f9,faf9f9f9faf9f9f9,00
2,311,2,13,6,faf9f9f9faf9f9f9,faf9f9f9faf9f9f9,00
2,312,2,14,0,f8f8f8f8f8f8f8f8,f8f8f8f8f8f8f8f8,00
2,313,2,14,2,f8f8f8f8f8f8f8f8,f8f8f8f8f8f8f8f8,00
2,314,2,14,4,f8f8f8f8f8f8f8f8,f8f8f8f8f8f8f8f8,00
2,315,2,14,6,f8f8f8f8f8f8f8f8,f8f8f8f8f8f8f8f8,00
2,316,2,15,0,fefcfcfdfefcfcfd,fefcfcfdfefcfcfd,00
2,317,2,15,2,fefcfcfdfefcfcfd,fefcfcfdfefcfcfd,00
2,318,2,15,4,fefcfcfdfefcfcfd,fefcfcfdfefcfcfd,00
2,319,2,15,6,fefdfdfdfefcfcfd,fefdfdfdfefcfcfd,00
2,320,2,16,0,fdfdfdfdfdfdfdfd,fdfdfdfdfdfdfdfd,00
2,321,2,16,2,fdfdfdfdfdfdfdfd,fdfdfdfdfdfdfdfd,00
2,322,2,16,4,fdfdfdfdfdfdfdfd,fdfdfdfdfdfdfdfd,00
2,323,2,16,6,fdfdfdfdfdfdfdfd,fdfdfdfdfdfdfdfd,00
2,324,2,17,0,f8f8f8f8f8f8f8f8,f8f8f8f8f8f8f8f8,00
2,325,2,17,2,f8f8f8f8f8f8f8f8,f8f8f8f8f8f8f8f8,00
2,326,2,17,4,f8f8f8f8f8f8f8f8,f8f8f8f8f8f8f8f8,00
2,327,2,17,6,f8f8f8f8f8f8f8f8,f8f8f8f8f8f8f8f8,00
2,328,2,18,0,f8f8f8f8f8f8f8f8,f8f8f8f8f8f8f8f8,00
2,329,2,18,2,f8f8f8f8f8f8f8f8,f8f8f8f8f8f8f8f8,00
2,330,2,18,4,f8f8f8f8f8f8f8f8,f8f8f8f8f8f8f8f8,00
2,331,2,18,6,f8f8f8f8f8f8f8f8,f8f8f8f8f8f8f8f8,00
2,332,2,19,0,fcfbfbfcfcfbfbfc,fcfbfbfcfcfbfbfc,00
2,333,2,19,2,fcfbfbfcfcfbfbfc,fcfbfbfcfcfbfbfc,00
2,334,2,19,4,fcfbfbfcfcfbfbfc,fcfbfbfcfcfbfbfc,00
2,335,2,19,6,fcfcfcfcfcfbfbfc,fcfcfcfcfcfbfbfc,00
2,336,2,20,0,fdfdfdfdfdfdfdfd,fdfdfdfdfdfdfdfd,00
2,337,2,20,2,fdfdfdfdfdfdfdfd,fdfdfdfdfdfdfdfd,00
2,338,2,20,4,fdfdfdfdfdfdfdfd,fdfdfdfdfdfdfdfd,00
2,339,2,20,6,fdfdfdfdfdfdfdfd,fdfdfdfdfdfdfdfd,00
2,340,2,21,0,0606060606050506,0606060606050506,00
2,341,2,21,2,0606060606060606,0606060606060606,00
2,342,2,21,4,0606060606060606,0606060606060606,00
2,343,2,21,6,0606060606060606,0606060606060606,00
2,344,2,22,0,494a4a47494a4a47,494a4a47494a4a47,00
2,345,2,22,2,494a4a47494a4a47,494a4a47494a4a47,00
2,346,2,22,4,494a4a47494a4a47,494a4a47494a4a47,00
2,347,2,22,6,494a4a47494a4a47,494a4a47494a4a47,00
2,348,2,23,0,f8f8f8f9f8f8f8f9,f8f8f8f9f8f8f8f9,00
2,349,2,23,2,f8f8f8f9f8f8f8f9,f8f8f8f9f8f8f8f9,00
2,350,2,23,4,f8f8f8f9f8f8f8f9,f8f8f8f9f8f8f8f9,00
2,351,2,23,6,f8f8f8f9f8f8f8f9,f8f8f8f9f8f8f8f9,00
2,352,2,24,0,f8f8f8f8f8f8f8f8,f8f8f8f8f8f8f8f8,00
2,353,2,24,2,f8f8f8f8f8f8f8f8,f8f8f8f8f8f8f8f8,00
2,354,2,24,4,f8f8f8f8f8f8f8f8,f8f8f8f8f8f8f8f8,00
2,355,2,24,6,f8f8f8f8f8f8f8f8,f8f8f8f8f8f8f8f8,00
2,356,2,25,0,4748484a4748484a,4748484a4748484a,00
2,357,2,25,2,4748484a4748484a,4748484a4748484a,00
2,358,2,25,4,4748484a4748484a,4748484a4748484a,00
2,359,2,25,6,4748484a4748484a,4748484a4748484a,00
2,360,2,26,0,4a4a4a494a4a4a49,4a4a4a494a4a4a49,00
2,361,2,26,2,4a4a4a494a4a4a49,4a4a4a494a4a4a49,00
2,362,2,26,4,4a4a4a494a4a4a49,4a4a4a494a4a4a49,00
2,363,2,26,6,4a4b4b4a4a4a4a49,4a4b4b4a4a4a4a49,00
2,364,2,27,0,faf9f9f9faf9f9f9,faf9f9f9faf9f9f9,00
2,365,2,27,2,faf9f9f9faf9f9f9,faf9f9f9faf9f9f9,00
2,366,2,27,4,faf9f9f9faf9f9f9,faf9f9f9faf9f9f9,00
2,367,2,27,6,faf9f9f9faf9f9f9,faf9f9f9faf9f9f9,00
2,368,2,28,0,fdfdfdfdfdfdfdfd,fdfdfdfdfdfdfdfd,00
2,369,2,28,2,fdfdfdfdfdfdfdfd,fdfdfdfdfdfdfdfd,00
2,370,2,28,4,fdfdfdfdfdfdfdfd,fdfdfdfdfdfdfdfd,00
2,371,2,28,6,fdfdfdfdfdfdfdfd,fdfdfdfdfdfdfdfd,00
2,372,2,29,0,04020200030202ff,04020200030202ff,00
2,373,2,29,2,0402020004020200,0402020004020200,00
2,374,2,29,4,0402020004020200,0402020004020200,00
2,375,2,29,6,040202ff04020200,040202ff04020200,00
2,376,2,30,0,fbfbfbfbfbfbfbfb,fbfbfbfbfbfbfbfb,00
2,377,2,30,2,fbfbfbfbfbfbfbfb,fbfbfbfbfbfbfbfb,00
2,378,2,30,4,fbfbfbfbfbfbfbfb,fbfbfbfbfbfbfbfb,00
2,379,2,30,6,fbfbfbfbfbfbfbfb,fbfbfbfbfbfbfbfb,00
2,380,2,31,0,f8f8f8f8f8f8f8f8,f8f8f8f8f8f8f8f8,00
2,381,2,31,2,f8f8f8f8f8f8f8f8,f8f8f8f8f8f8f8f8,00
2,382,2,31,4,f8f8f8f8f8f8f8f8,f8f8f8f8f8f8f8f8,00
2,383,2,31,6,f8f8f8f8f8f8f8f8,f8f8f8f8f8f8f8f8,00
