run,case,param,fcw,lut,error_at,no_write_after_error
1,0,984,2432,1024,4000,PASS
2,1,984,2432,1024,4000,PASS
3,2,984,2432,1024,4000,PASS
4,3,0,0,0,0,PASS
5,4,0,0,0,0,PASS
6,5,0,0,0,1,PASS
7,6,0,0,0,3,PASS
8,7,0,0,0,3,PASS
9,8,984,2432,1024,4000,PASS
10,9,984,2432,1024,4000,PASS
11,10,984,2432,1024,4000,PASS
12,11,984,2432,1024,4000,PASS
13,12,984,2432,1017,4000,PASS
14,13,984,2432,1023,4000,PASS
15,14,0,0,0,0,PASS
16,15,0,0,0,3,PASS
17,16,0,0,0,3,PASS
18,17,984,2432,1024,4000,PASS
19,18,32,0,0,110,PASS
20,19,46,0,0,117,PASS
21,20,112,0,0,726,PASS
22,21,142,0,0,741,PASS
23,22,400,0,0,870,PASS
24,23,526,0,0,933,PASS
25,24,784,2048,0,3110,PASS
26,25,910,2048,0,3173,PASS
27,26,960,2432,0,3582,PASS
28,27,982,2432,0,3593,PASS
29,0,984,2432,1024,4000,PASS
30,3,0,0,0,0,PASS
31,0,984,2432,1024,4000,PASS
32,0,984,2432,1024,4000,PASS
33,4,0,0,0,0,PASS
34,4,984,2432,1024,4000,PASS
35,0,984,2432,1024,4000,PASS
36,4,0,0,0,0,PASS
37,5,0,0,0,1,PASS
