run,id,name,version_check,accepted,work,supply_wait,total_cycles,ready_low,done_pulses,error,cfg,ignored_START,extra_offered
1,0,normal,1,3722,9772,0,9772,6050,1,0,1,0,0
2,1,source_gaps_and_read_boundary,1,3722,9772,543,10315,6050,1,0,1,0,0
3,2,seeded_gaps,1,3722,9772,5595,15367,6050,1,0,1,0,0
4,3,bad_magic_drain,1,3722,3722,0,3722,0,1,1,0,0,0
5,4,version_policy,1,3722,3722,0,3722,0,1,1,0,0,0
6,5,bad_total_words_drain,1,3722,3722,0,3722,0,1,1,0,0,0
7,6,shift_minus32,1,3722,3722,0,3722,0,1,1,0,0,0
8,7,shift_64,1,3722,3722,0,3722,0,1,1,0,0,0
9,8,shift_minus31,1,3722,9772,0,9772,6050,1,0,1,0,0
10,9,shift_63,1,3722,9772,0,9772,6050,1,0,1,0,0
11,10,ignored_word3_word7,1,3722,9772,0,9772,6050,1,0,1,0,0
12,11,busy_START,1,3722,9772,0,9772,6050,1,0,1,3,0
13,12,extra_early_final_work,1,3722,9772,0,9772,6050,1,1,0,0,1
14,13,extra_last_final_work,1,3722,9772,0,9772,6050,1,1,0,0,1
15,14,bad_magic_with_gaps,1,3722,3722,7503,11225,0,1,1,0,0,0
16,15,shift_INT32_MIN,1,3722,3722,0,3722,0,1,1,0,0,0
17,16,shift_INT32_MAX,1,3722,3722,0,3722,0,1,1,0,0,0
18,17,swapped_payload_words_negative,1,3722,9772,0,9772,6050,1,0,1,0,0
19,18,array_shift_layer0_half0,1,3722,4368,0,4368,646,1,1,0,0,0
20,19,array_shift_layer0_half1,1,3722,4375,0,4375,653,1,1,0,0,0
21,20,array_shift_layer1_half0,1,3722,8440,0,8440,4718,1,1,0,0,0
22,21,array_shift_layer1_half1,1,3722,8455,0,8455,4733,1,1,0,0,0
23,22,array_shift_layer2_half0,1,3722,8584,0,8584,4862,1,1,0,0,0
24,23,array_shift_layer2_half1,1,3722,8647,0,8647,4925,1,1,0,0,0
25,24,array_shift_layer3_half0,1,3722,8776,0,8776,5054,1,1,0,0,0
26,25,array_shift_layer3_half1,1,3722,8839,0,8839,5117,1,1,0,0,0
27,26,array_shift_layer4_half0,1,3722,8864,0,8864,5142,1,1,0,0,0
28,27,array_shift_layer4_half1,1,3722,8875,0,8875,5153,1,1,0,0,0
29,0,normal,1,3722,9772,0,9772,6050,1,0,1,0,0
30,3,bad_magic_drain,1,3722,3722,0,3722,0,1,1,0,0,0
31,0,normal,1,3722,9772,0,9772,6050,1,0,1,0,0
32,0,normal,1,3722,9772,0,9772,6050,1,0,1,0,0
33,4,version_policy,1,3722,3722,0,3722,0,1,1,0,0,0
34,4,version_policy,0,3722,9772,0,9772,6050,1,0,1,0,0
35,0,normal,1,3722,9772,0,9772,6050,1,0,1,0,0
36,4,version_policy,1,3722,3722,0,3722,0,1,1,0,0,0
37,5,bad_total_words_drain,1,3722,3722,0,3722,0,1,1,0,0,0
