observation,case,bytes,writes,coverage_checked,missing,duplicates,data_mismatches,expected_negative
1,0,5328,5328,1,0,0,0,0
2,1,5328,5328,1,0,0,0,0
3,2,5328,5328,1,0,0,0,0
4,8,5328,5328,1,0,0,0,0
5,9,5328,5328,1,0,0,0,0
6,10,5328,5328,1,0,0,0,0
7,11,5328,5328,1,0,0,0,0
8,12,5328,5328,1,0,0,0,0
9,13,5328,5328,1,0,0,0,0
10,17,5328,5328,1,0,0,5328,1
11,18,720,720,1,0,0,0,0
12,19,720,720,1,0,0,0,0
13,20,5328,5328,1,0,0,0,0
14,21,5328,5328,1,0,0,0,0
15,22,5328,5328,1,0,0,0,0
16,23,5328,5328,1,0,0,0,0
17,24,5328,5328,1,0,0,0,0
18,25,5328,5328,1,0,0,0,0
19,26,5328,5328,1,0,0,0,0
20,27,5328,5328,1,0,0,0,0
21,0,5328,5328,1,0,0,0,0
22,0,5328,5328,1,0,0,0,0
23,0,5328,5328,1,0,0,0,0
24,28,5328,720,0,0,0,0,0
25,4,5328,5328,1,0,0,0,0
26,0,5328,5328,1,0,0,0,0
