run,case,region,first,last,beats,work_cycles,ready_low
1,0,0,0,3,4,4,0
1,0,1,4,93,90,720,630
1,0,2,94,117,24,48,24
1,0,3,118,693,576,4608,4032
1,0,4,694,741,48,96,48
1,0,5,742,933,192,384,192
1,0,6,934,2981,2048,2048,0
1,0,7,2982,3173,192,384,192
1,0,8,3174,3557,384,384,0
1,0,9,3558,3593,36,72,36
1,0,10,3594,3721,128,1024,896
2,1,0,0,3,4,4,0
2,1,1,4,93,90,720,630
2,1,2,94,117,24,48,24
2,1,3,118,693,576,4608,4032
2,1,4,694,741,48,96,48
2,1,5,742,933,192,384,192
2,1,6,934,2981,2048,2048,0
2,1,7,2982,3173,192,384,192
2,1,8,3174,3557,384,384,0
2,1,9,3558,3593,36,72,36
2,1,10,3594,3721,128,1024,896
3,2,0,0,3,4,4,0
3,2,1,4,93,90,720,630
3,2,2,94,117,24,48,24
3,2,3,118,693,576,4608,4032
3,2,4,694,741,48,96,48
3,2,5,742,933,192,384,192
3,2,6,934,2981,2048,2048,0
3,2,7,2982,3173,192,384,192
3,2,8,3174,3557,384,384,0
3,2,9,3558,3593,36,72,36
3,2,10,3594,3721,128,1024,896
4,3,0,0,3,4,4,0
4,3,1,4,93,90,90,0
4,3,2,94,117,24,24,0
4,3,3,118,693,576,576,0
4,3,4,694,741,48,48,0
4,3,5,742,933,192,192,0
4,3,6,934,2981,2048,2048,0
4,3,7,2982,3173,192,192,0
4,3,8,3174,3557,384,384,0
4,3,9,3558,3593,36,36,0
4,3,10,3594,3721,128,128,0
5,4,0,0,3,4,4,0
5,4,1,4,93,90,90,0
5,4,2,94,117,24,24,0
5,4,3,118,693,576,576,0
5,4,4,694,741,48,48,0
5,4,5,742,933,192,192,0
5,4,6,934,2981,2048,2048,0
5,4,7,2982,3173,192,192,0
5,4,8,3174,3557,384,384,0
5,4,9,3558,3593,36,36,0
5,4,10,3594,3721,128,128,0
6,5,0,0,3,4,4,0
6,5,1,4,93,90,90,0
6,5,2,94,117,24,24,0
6,5,3,118,693,576,576,0
6,5,4,694,741,48,48,0
6,5,5,742,933,192,192,0
6,5,6,934,2981,2048,2048,0
6,5,7,2982,3173,192,192,0
6,5,8,3174,3557,384,384,0
6,5,9,3558,3593,36,36,0
6,5,10,3594,3721,128,128,0
7,6,0,0,3,4,4,0
7,6,1,4,93,90,90,0
7,6,2,94,117,24,24,0
7,6,3,118,693,576,576,0
7,6,4,694,741,48,48,0
7,6,5,742,933,192,192,0
7,6,6,934,2981,2048,2048,0
7,6,7,2982,3173,192,192,0
7,6,8,3174,3557,384,384,0
7,6,9,3558,3593,36,36,0
7,6,10,3594,3721,128,128,0
8,7,0,0,3,4,4,0
8,7,1,4,93,90,90,0
8,7,2,94,117,24,24,0
8,7,3,118,693,576,576,0
8,7,4,694,741,48,48,0
8,7,5,742,933,192,192,0
8,7,6,934,2981,2048,2048,0
8,7,7,2982,3173,192,192,0
8,7,8,3174,3557,384,384,0
8,7,9,3558,3593,36,36,0
8,7,10,3594,3721,128,128,0
9,8,0,0,3,4,4,0
9,8,1,4,93,90,720,630
9,8,2,94,117,24,48,24
9,8,3,118,693,576,4608,4032
9,8,4,694,741,48,96,48
9,8,5,742,933,192,384,192
9,8,6,934,2981,2048,2048,0
9,8,7,2982,3173,192,384,192
9,8,8,3174,3557,384,384,0
9,8,9,3558,3593,36,72,36
9,8,10,3594,3721,128,1024,896
10,9,0,0,3,4,4,0
10,9,1,4,93,90,720,630
10,9,2,94,117,24,48,24
10,9,3,118,693,576,4608,4032
10,9,4,694,741,48,96,48
10,9,5,742,933,192,384,192
10,9,6,934,2981,2048,2048,0
10,9,7,2982,3173,192,384,192
10,9,8,3174,3557,384,384,0
10,9,9,3558,3593,36,72,36
10,9,10,3594,3721,128,1024,896
11,10,0,0,3,4,4,0
11,10,1,4,93,90,720,630
11,10,2,94,117,24,48,24
11,10,3,118,693,576,4608,4032
11,10,4,694,741,48,96,48
11,10,5,742,933,192,384,192
11,10,6,934,2981,2048,2048,0
11,10,7,2982,3173,192,384,192
11,10,8,3174,3557,384,384,0
11,10,9,3558,3593,36,72,36
11,10,10,3594,3721,128,1024,896
12,11,0,0,3,4,4,0
12,11,1,4,93,90,720,630
12,11,2,94,117,24,48,24
12,11,3,118,693,576,4608,4032
12,11,4,694,741,48,96,48
12,11,5,742,933,192,384,192
12,11,6,934,2981,2048,2048,0
12,11,7,2982,3173,192,384,192
12,11,8,3174,3557,384,384,0
12,11,9,3558,3593,36,72,36
12,11,10,3594,3721,128,1024,896
13,12,0,0,3,4,4,0
13,12,1,4,93,90,720,630
13,12,2,94,117,24,48,24
13,12,3,118,693,576,4608,4032
13,12,4,694,741,48,96,48
13,12,5,742,933,192,384,192
13,12,6,934,2981,2048,2048,0
13,12,7,2982,3173,192,384,192
13,12,8,3174,3557,384,384,0
13,12,9,3558,3593,36,72,36
13,12,10,3594,3721,128,1024,896
14,13,0,0,3,4,4,0
14,13,1,4,93,90,720,630
14,13,2,94,117,24,48,24
14,13,3,118,693,576,4608,4032
14,13,4,694,741,48,96,48
14,13,5,742,933,192,384,192
14,13,6,934,2981,2048,2048,0
14,13,7,2982,3173,192,384,192
14,13,8,3174,3557,384,384,0
14,13,9,3558,3593,36,72,36
14,13,10,3594,3721,128,1024,896
15,14,0,0,3,4,4,0
15,14,1,4,93,90,90,0
15,14,2,94,117,24,24,0
15,14,3,118,693,576,576,0
15,14,4,694,741,48,48,0
15,14,5,742,933,192,192,0
15,14,6,934,2981,2048,2048,0
15,14,7,2982,3173,192,192,0
15,14,8,3174,3557,384,384,0
15,14,9,3558,3593,36,36,0
15,14,10,3594,3721,128,128,0
16,15,0,0,3,4,4,0
16,15,1,4,93,90,90,0
16,15,2,94,117,24,24,0
16,15,3,118,693,576,576,0
16,15,4,694,741,48,48,0
16,15,5,742,933,192,192,0
16,15,6,934,2981,2048,2048,0
16,15,7,2982,3173,192,192,0
16,15,8,3174,3557,384,384,0
16,15,9,3558,3593,36,36,0
16,15,10,3594,3721,128,128,0
17,16,0,0,3,4,4,0
17,16,1,4,93,90,90,0
17,16,2,94,117,24,24,0
17,16,3,118,693,576,576,0
17,16,4,694,741,48,48,0
17,16,5,742,933,192,192,0
17,16,6,934,2981,2048,2048,0
17,16,7,2982,3173,192,192,0
17,16,8,3174,3557,384,384,0
17,16,9,3558,3593,36,36,0
17,16,10,3594,3721,128,128,0
18,17,0,0,3,4,4,0
18,17,1,4,93,90,720,630
18,17,2,94,117,24,48,24
18,17,3,118,693,576,4608,4032
18,17,4,694,741,48,96,48
18,17,5,742,933,192,384,192
18,17,6,934,2981,2048,2048,0
18,17,7,2982,3173,192,384,192
18,17,8,3174,3557,384,384,0
18,17,9,3558,3593,36,72,36
18,17,10,3594,3721,128,1024,896
19,18,0,0,3,4,4,0
19,18,1,4,93,90,720,630
19,18,2,94,117,24,40,16
19,18,3,118,693,576,576,0
19,18,4,694,741,48,48,0
19,18,5,742,933,192,192,0
19,18,6,934,2981,2048,2048,0
19,18,7,2982,3173,192,192,0
19,18,8,3174,3557,384,384,0
19,18,9,3558,3593,36,36,0
19,18,10,3594,3721,128,128,0
20,19,0,0,3,4,4,0
20,19,1,4,93,90,720,630
20,19,2,94,117,24,47,23
20,19,3,118,693,576,576,0
20,19,4,694,741,48,48,0
20,19,5,742,933,192,192,0
20,19,6,934,2981,2048,2048,0
20,19,7,2982,3173,192,192,0
20,19,8,3174,3557,384,384,0
20,19,9,3558,3593,36,36,0
20,19,10,3594,3721,128,128,0
21,20,0,0,3,4,4,0
21,20,1,4,93,90,720,630
21,20,2,94,117,24,48,24
21,20,3,118,693,576,4608,4032
21,20,4,694,741,48,80,32
21,20,5,742,933,192,192,0
21,20,6,934,2981,2048,2048,0
21,20,7,2982,3173,192,192,0
21,20,8,3174,3557,384,384,0
21,20,9,3558,3593,36,36,0
21,20,10,3594,3721,128,128,0
22,21,0,0,3,4,4,0
22,21,1,4,93,90,720,630
22,21,2,94,117,24,48,24
22,21,3,118,693,576,4608,4032
22,21,4,694,741,48,95,47
22,21,5,742,933,192,192,0
22,21,6,934,2981,2048,2048,0
22,21,7,2982,3173,192,192,0
22,21,8,3174,3557,384,384,0
22,21,9,3558,3593,36,36,0
22,21,10,3594,3721,128,128,0
23,22,0,0,3,4,4,0
23,22,1,4,93,90,720,630
23,22,2,94,117,24,48,24
23,22,3,118,693,576,4608,4032
23,22,4,694,741,48,96,48
23,22,5,742,933,192,320,128
23,22,6,934,2981,2048,2048,0
23,22,7,2982,3173,192,192,0
23,22,8,3174,3557,384,384,0
23,22,9,3558,3593,36,36,0
23,22,10,3594,3721,128,128,0
24,23,0,0,3,4,4,0
24,23,1,4,93,90,720,630
24,23,2,94,117,24,48,24
24,23,3,118,693,576,4608,4032
24,23,4,694,741,48,96,48
24,23,5,742,933,192,383,191
24,23,6,934,2981,2048,2048,0
24,23,7,2982,3173,192,192,0
24,23,8,3174,3557,384,384,0
24,23,9,3558,3593,36,36,0
24,23,10,3594,3721,128,128,0
25,24,0,0,3,4,4,0
25,24,1,4,93,90,720,630
25,24,2,94,117,24,48,24
25,24,3,118,693,576,4608,4032
25,24,4,694,741,48,96,48
25,24,5,742,933,192,384,192
25,24,6,934,2981,2048,2048,0
25,24,7,2982,3173,192,320,128
25,24,8,3174,3557,384,384,0
25,24,9,3558,3593,36,36,0
25,24,10,3594,3721,128,128,0
26,25,0,0,3,4,4,0
26,25,1,4,93,90,720,630
26,25,2,94,117,24,48,24
26,25,3,118,693,576,4608,4032
26,25,4,694,741,48,96,48
26,25,5,742,933,192,384,192
26,25,6,934,2981,2048,2048,0
26,25,7,2982,3173,192,383,191
26,25,8,3174,3557,384,384,0
26,25,9,3558,3593,36,36,0
26,25,10,3594,3721,128,128,0
27,26,0,0,3,4,4,0
27,26,1,4,93,90,720,630
27,26,2,94,117,24,48,24
27,26,3,118,693,576,4608,4032
27,26,4,694,741,48,96,48
27,26,5,742,933,192,384,192
27,26,6,934,2981,2048,2048,0
27,26,7,2982,3173,192,384,192
27,26,8,3174,3557,384,384,0
27,26,9,3558,3593,36,60,24
27,26,10,3594,3721,128,128,0
28,27,0,0,3,4,4,0
28,27,1,4,93,90,720,630
28,27,2,94,117,24,48,24
28,27,3,118,693,576,4608,4032
28,27,4,694,741,48,96,48
28,27,5,742,933,192,384,192
28,27,6,934,2981,2048,2048,0
28,27,7,2982,3173,192,384,192
28,27,8,3174,3557,384,384,0
28,27,9,3558,3593,36,71,35
28,27,10,3594,3721,128,128,0
29,0,0,0,3,4,4,0
29,0,1,4,93,90,720,630
29,0,2,94,117,24,48,24
29,0,3,118,693,576,4608,4032
29,0,4,694,741,48,96,48
29,0,5,742,933,192,384,192
29,0,6,934,2981,2048,2048,0
29,0,7,2982,3173,192,384,192
29,0,8,3174,3557,384,384,0
29,0,9,3558,3593,36,72,36
29,0,10,3594,3721,128,1024,896
30,3,0,0,3,4,4,0
30,3,1,4,93,90,90,0
30,3,2,94,117,24,24,0
30,3,3,118,693,576,576,0
30,3,4,694,741,48,48,0
30,3,5,742,933,192,192,0
30,3,6,934,2981,2048,2048,0
30,3,7,2982,3173,192,192,0
30,3,8,3174,3557,384,384,0
30,3,9,3558,3593,36,36,0
30,3,10,3594,3721,128,128,0
31,0,0,0,3,4,4,0
31,0,1,4,93,90,720,630
31,0,2,94,117,24,48,24
31,0,3,118,693,576,4608,4032
31,0,4,694,741,48,96,48
31,0,5,742,933,192,384,192
31,0,6,934,2981,2048,2048,0
31,0,7,2982,3173,192,384,192
31,0,8,3174,3557,384,384,0
31,0,9,3558,3593,36,72,36
31,0,10,3594,3721,128,1024,896
32,0,0,0,3,4,4,0
32,0,1,4,93,90,720,630
32,0,2,94,117,24,48,24
32,0,3,118,693,576,4608,4032
32,0,4,694,741,48,96,48
32,0,5,742,933,192,384,192
32,0,6,934,2981,2048,2048,0
32,0,7,2982,3173,192,384,192
32,0,8,3174,3557,384,384,0
32,0,9,3558,3593,36,72,36
32,0,10,3594,3721,128,1024,896
33,4,0,0,3,4,4,0
33,4,1,4,93,90,90,0
33,4,2,94,117,24,24,0
33,4,3,118,693,576,576,0
33,4,4,694,741,48,48,0
33,4,5,742,933,192,192,0
33,4,6,934,2981,2048,2048,0
33,4,7,2982,3173,192,192,0
33,4,8,3174,3557,384,384,0
33,4,9,3558,3593,36,36,0
33,4,10,3594,3721,128,128,0
34,4,0,0,3,4,4,0
34,4,1,4,93,90,720,630
34,4,2,94,117,24,48,24
34,4,3,118,693,576,4608,4032
34,4,4,694,741,48,96,48
34,4,5,742,933,192,384,192
34,4,6,934,2981,2048,2048,0
34,4,7,2982,3173,192,384,192
34,4,8,3174,3557,384,384,0
34,4,9,3558,3593,36,72,36
34,4,10,3594,3721,128,1024,896
35,0,0,0,3,4,4,0
35,0,1,4,93,90,720,630
35,0,2,94,117,24,48,24
35,0,3,118,693,576,4608,4032
35,0,4,694,741,48,96,48
35,0,5,742,933,192,384,192
35,0,6,934,2981,2048,2048,0
35,0,7,2982,3173,192,384,192
35,0,8,3174,3557,384,384,0
35,0,9,3558,3593,36,72,36
35,0,10,3594,3721,128,1024,896
36,4,0,0,3,4,4,0
36,4,1,4,93,90,90,0
36,4,2,94,117,24,24,0
36,4,3,118,693,576,576,0
36,4,4,694,741,48,48,0
36,4,5,742,933,192,192,0
36,4,6,934,2981,2048,2048,0
36,4,7,2982,3173,192,192,0
36,4,8,3174,3557,384,384,0
36,4,9,3558,3593,36,36,0
36,4,10,3594,3721,128,128,0
37,5,0,0,3,4,4,0
37,5,1,4,93,90,90,0
37,5,2,94,117,24,24,0
37,5,3,118,693,576,576,0
37,5,4,694,741,48,48,0
37,5,5,742,933,192,192,0
37,5,6,934,2981,2048,2048,0
37,5,7,2982,3173,192,192,0
37,5,8,3174,3557,384,384,0
37,5,9,3558,3593,36,36,0
37,5,10,3594,3721,128,128,0
