case,cycle,start,busy,awvalid,awready,wvalid,wready,mem_wr_ready,producer_index,data,wlast,bvalid,bready
pose_24,6,1,0,0,1,0,1,0,0,a5c39c701d000221,0,0,0
pose_24,7,0,1,0,1,0,1,0,0,a5c39c701d000221,0,0,0
pose_24,8,0,1,1,1,1,1,1,0,a5c39c701d000221,0,0,0
pose_24,9,0,1,0,0,1,1,1,1,a5c39c701d000229,0,0,0
pose_24,10,0,1,0,0,1,1,1,2,a5c39c701d000231,1,0,0
pose_24,11,0,1,0,0,0,1,0,3,c0fecafe12345678,0,1,1
size_8,27,1,0,0,1,0,1,0,0,a5c39c731d010222,0,0,0
size_8,28,0,1,0,1,0,1,0,0,a5c39c731d010222,0,0,0
size_8,29,0,1,1,1,1,1,1,0,a5c39c731d010222,1,0,0
size_8,30,0,1,0,0,0,1,0,1,c0fecafe12345678,0,1,1
size_128,44,1,0,0,1,0,1,0,0,a5c39c721d020223,0,0,0
size_128,45,0,1,0,1,0,1,0,0,a5c39c721d020223,0,0,0
size_128,46,0,1,1,1,1,1,1,0,a5c39c721d020223,0,0,0
size_128,47,0,1,0,0,1,1,1,1,a5c39c721d02022b,0,0,0
size_128,48,0,1,0,0,1,1,1,2,a5c39c721d020233,0,0,0
size_128,49,0,1,0,0,1,1,1,3,a5c39c721d02023b,0,0,0
size_128,50,0,1,0,0,1,1,1,4,a5c39c721d020243,0,0,0
size_128,51,0,1,0,0,1,1,1,5,a5c39c721d02024b,0,0,0
size_128,52,0,1,0,0,1,1,1,6,a5c39c721d020253,0,0,0
size_128,53,0,1,0,0,1,1,1,7,a5c39c721d02025b,0,0,0
size_128,54,0,1,0,0,1,1,1,8,a5c39c721d020263,0,0,0
size_128,55,0,1,0,0,1,1,1,9,a5c39c721d02026b,0,0,0
size_128,56,0,1,0,0,1,1,1,10,a5c39c721d020273,0,0,0
size_128,57,0,1,0,0,1,1,1,11,a5c39c721d02027b,0,0,0
size_128,58,0,1,0,0,1,1,1,12,a5c39c721d020283,0,0,0
size_128,59,0,1,0,0,1,1,1,13,a5c39c721d02028b,0,0,0
size_128,60,0,1,0,0,1,1,1,14,a5c39c721d020293,0,0,0
size_128,61,0,1,0,0,1,1,1,15,a5c39c721d02029b,1,0,0
size_128,62,0,1,0,0,0,0,0,16,c0fecafe12345678,0,1,1
size_136_busy,91,1,0,0,1,0,1,0,0,a5c39c751d030224,0,0,0
size_136_busy,92,0,1,0,1,0,1,0,0,a5c39c751d030224,0,0,0
size_136_busy,93,1,1,1,1,1,1,1,0,a5c39c751d030224,0,0,0
size_136_busy,94,0,1,0,0,1,1,1,1,a5c39c751d03022c,0,0,0
size_136_busy,95,0,1,0,0,1,1,1,2,a5c39c751d030234,0,0,0
size_136_busy,96,0,1,0,0,1,1,1,3,a5c39c751d03023c,0,0,0
size_136_busy,97,0,1,0,0,1,1,1,4,a5c39c751d030244,0,0,0
size_136_busy,98,0,1,0,0,1,1,1,5,a5c39c751d03024c,0,0,0
size_136_busy,99,0,1,0,0,1,1,1,6,a5c39c751d030254,0,0,0
size_136_busy,100,0,1,0,0,1,1,1,7,a5c39c751d03025c,0,0,0
size_136_busy,101,0,1,0,0,1,1,1,8,a5c39c751d030264,0,0,0
size_136_busy,102,0,1,0,0,1,1,1,9,a5c39c751d03026c,0,0,0
size_136_busy,103,0,1,0,0,1,1,1,10,a5c39c751d030274,0,0,0
size_136_busy,104,0,1,0,0,1,1,1,11,a5c39c751d03027c,0,0,0
size_136_busy,105,0,1,0,0,1,1,1,12,a5c39c751d030284,0,0,0
size_136_busy,106,0,1,0,0,1,1,1,13,a5c39c751d03028c,0,0,0
size_136_busy,107,0,1,0,0,1,1,1,14,a5c39c751d030294,0,0,0
size_136_busy,108,0,1,0,0,1,1,1,15,a5c39c751d03029c,1,0,0
size_136_busy,109,0,1,0,0,0,0,0,16,a5c39c751d0302a4,0,1,1
size_136_busy,110,0,1,0,1,0,0,0,16,a5c39c751d0302a4,0,0,0
size_136_busy,111,0,1,1,1,1,1,1,16,a5c39c751d0302a4,1,0,0
size_136_busy,112,0,1,0,0,0,1,0,17,c0fecafe12345678,0,1,1
boundary_ff8,144,1,0,0,1,0,1,0,0,a5c39c741d040dfd,0,0,0
boundary_ff8,145,0,1,0,1,0,1,0,0,a5c39c741d040dfd,0,0,0
boundary_ff8,146,0,1,1,1,1,1,1,0,a5c39c741d040dfd,1,0,0
boundary_ff8,147,0,1,0,0,0,1,0,1,a5c39c741d041205,0,1,1
boundary_ff8,148,0,1,0,1,0,0,0,1,a5c39c741d041205,0,0,0
boundary_ff8,149,0,1,1,1,1,1,1,1,a5c39c741d041205,0,0,0
boundary_ff8,150,0,1,0,0,1,1,1,2,a5c39c741d04120d,0,0,0
boundary_ff8,151,0,1,0,0,1,1,1,3,a5c39c741d041215,0,0,0
boundary_ff8,152,0,1,0,0,1,1,1,4,a5c39c741d04121d,0,0,0
boundary_ff8,153,0,1,0,0,1,1,1,5,a5c39c741d041225,0,0,0
boundary_ff8,154,0,1,0,0,1,1,1,6,a5c39c741d04122d,0,0,0
boundary_ff8,155,0,1,0,0,1,1,1,7,a5c39c741d041235,0,0,0
boundary_ff8,156,0,1,0,0,1,1,1,8,a5c39c741d04123d,0,0,0
boundary_ff8,157,0,1,0,0,1,1,1,9,a5c39c741d041245,0,0,0
boundary_ff8,158,0,1,0,0,1,1,1,10,a5c39c741d04124d,0,0,0
boundary_ff8,159,0,1,0,0,1,1,1,11,a5c39c741d041255,0,0,0
boundary_ff8,160,0,1,0,0,1,1,1,12,a5c39c741d04125d,0,0,0
boundary_ff8,161,0,1,0,0,1,1,1,13,a5c39c741d041265,0,0,0
boundary_ff8,162,0,1,0,0,1,1,1,14,a5c39c741d04126d,0,0,0
boundary_ff8,163,0,1,0,0,1,1,1,15,a5c39c741d041275,0,0,0
boundary_ff8,164,0,1,0,0,1,1,1,16,a5c39c741d04127d,1,0,0
boundary_ff8,165,0,1,0,0,0,0,0,17,c0fecafe12345678,0,1,1
size_4096,197,1,0,0,1,0,1,0,0,a5c39c771d05020e,0,0,0
size_4096,198,0,1,0,1,0,1,0,0,a5c39c771d05020e,0,0,0
size_4096,199,0,1,1,1,1,1,1,0,a5c39c771d05020e,0,0,0
size_4096,200,0,1,0,0,1,1,1,1,a5c39c771d050216,0,0,0
size_4096,201,0,1,0,0,1,1,1,2,a5c39c771d05021e,0,0,0
size_4096,202,0,1,0,0,1,1,1,3,a5c39c771d050226,0,0,0
size_4096,203,0,1,0,0,1,1,1,4,a5c39c771d05022e,0,0,0
size_4096,204,0,1,0,0,1,1,1,5,a5c39c771d050236,0,0,0
size_4096,205,0,1,0,0,1,1,1,6,a5c39c771d05023e,0,0,0
size_4096,206,0,1,0,0,1,1,1,7,a5c39c771d050246,0,0,0
size_4096,207,0,1,0,0,1,1,1,8,a5c39c771d05024e,0,0,0
size_4096,208,0,1,0,0,1,1,1,9,a5c39c771d050256,0,0,0
size_4096,209,0,1,0,0,1,1,1,10,a5c39c771d05025e,0,0,0
size_4096,210,0,1,0,0,1,1,1,11,a5c39c771d050266,0,0,0
size_4096,211,0,1,0,0,1,1,1,12,a5c39c771d05026e,0,0,0
size_4096,212,0,1,0,0,1,1,1,13,a5c39c771d050276,0,0,0
size_4096,213,0,1,0,0,1,1,1,14,a5c39c771d05027e,0,0,0
size_4096,214,0,1,0,0,1,1,1,15,a5c39c771d050286,1,0,0
size_4096,215,0,1,0,0,0,0,0,16,a5c39c771d05028e,0,1,1
size_4096,216,0,1,0,1,0,0,0,16,a5c39c771d05028e,0,0,0
size_4096,217,0,1,1,1,1,1,1,16,a5c39c771d05028e,0,0,0
size_4096,218,0,1,0,0,1,1,1,17,a5c39c771d050296,0,0,0
size_4096,219,0,1,0,0,1,1,1,18,a5c39c771d05029e,0,0,0
size_4096,220,0,1,0,0,1,1,1,19,a5c39c771d0502a6,0,0,0
size_4096,221,0,1,0,0,1,1,1,20,a5c39c771d0502ae,0,0,0
size_4096,222,0,1,0,0,1,1,1,21,a5c39c771d0502b6,0,0,0
size_4096,223,0,1,0,0,1,1,1,22,a5c39c771d0502be,0,0,0
size_4096,224,0,1,0,0,1,1,1,23,a5c39c771d0502c6,0,0,0
size_4096,225,0,1,0,0,1,1,1,24,a5c39c771d0502ce,0,0,0
size_4096,226,0,1,0,0,1,1,1,25,a5c39c771d0502d6,0,0,0
size_4096,227,0,1,0,0,1,1,1,26,a5c39c771d0502de,0,0,0
size_4096,228,0,1,0,0,1,1,1,27,a5c39c771d0502e6,0,0,0
size_4096,229,0,1,0,0,1,1,1,28,a5c39c771d0502ee,0,0,0
size_4096,230,0,1,0,0,1,1,1,29,a5c39c771d0502f6,0,0,0
size_4096,231,0,1,0,0,1,1,1,30,a5c39c771d0502fe,0,0,0
size_4096,232,0,1,0,0,1,1,1,31,a5c39c771d050306,1,0,0
size_4096,233,0,1,0,0,0,0,0,32,a5c39c771d05030e,0,1,1
size_4096,234,0,1,0,1,0,0,0,32,a5c39c771d05030e,0,0,0
size_4096,235,0,1,1,1,1,1,1,32,a5c39c771d05030e,0,0,0
size_4096,236,0,1,0,0,1,1,1,33,a5c39c771d050316,0,0,0
size_4096,237,0,1,0,0,1,1,1,34,a5c39c771d05031e,0,0,0
size_4096,238,0,1,0,0,1,1,1,35,a5c39c771d050326,0,0,0
size_4096,239,0,1,0,0,1,1,1,36,a5c39c771d05032e,0,0,0
size_4096,240,0,1,0,0,1,1,1,37,a5c39c771d050336,0,0,0
size_4096,241,0,1,0,0,1,1,1,38,a5c39c771d05033e,0,0,0
size_4096,242,0,1,0,0,1,1,1,39,a5c39c771d050346,0,0,0
size_4096,243,0,1,0,0,1,1,1,40,a5c39c771d05034e,0,0,0
size_4096,244,0,1,0,0,1,1,1,41,a5c39c771d050356,0,0,0
size_4096,245,0,1,0,0,1,1,1,42,a5c39c771d05035e,0,0,0
size_4096,246,0,1,0,0,1,1,1,43,a5c39c771d050366,0,0,0
size_4096,247,0,1,0,0,1,1,1,44,a5c39c771d05036e,0,0,0
size_4096,248,0,1,0,0,1,1,1,45,a5c39c771d050376,0,0,0
size_4096,249,0,1,0,0,1,1,1,46,a5c39c771d05037e,0,0,0
size_4096,250,0,1,0,0,1,1,1,47,a5c39c771d050386,1,0,0
size_4096,251,0,1,0,0,0,0,0,48,a5c39c771d05038e,0,1,1
size_4096,252,0,1,0,1,0,0,0,48,a5c39c771d05038e,0,0,0
size_4096,253,0,1,1,1,1,1,1,48,a5c39c771d05038e,0,0,0
size_4096,254,0,1,0,0,1,1,1,49,a5c39c771d050396,0,0,0
size_4096,255,0,1,0,0,1,1,1,50,a5c39c771d05039e,0,0,0
size_4096,256,0,1,0,0,1,1,1,51,a5c39c771d0503a6,0,0,0
size_4096,257,0,1,0,0,1,1,1,52,a5c39c771d0503ae,0,0,0
size_4096,258,0,1,0,0,1,1,1,53,a5c39c771d0503b6,0,0,0
size_4096,259,0,1,0,0,1,1,1,54,a5c39c771d0503be,0,0,0
size_4096,260,0,1,0,0,1,1,1,55,a5c39c771d0503c6,0,0,0
size_4096,261,0,1,0,0,1,1,1,56,a5c39c771d0503ce,0,0,0
size_4096,262,0,1,0,0,1,1,1,57,a5c39c771d0503d6,0,0,0
size_4096,263,0,1,0,0,1,1,1,58,a5c39c771d0503de,0,0,0
size_4096,264,0,1,0,0,1,1,1,59,a5c39c771d0503e6,0,0,0
size_4096,265,0,1,0,0,1,1,1,60,a5c39c771d0503ee,0,0,0
size_4096,266,0,1,0,0,1,1,1,61,a5c39c771d0503f6,0,0,0
size_4096,267,0,1,0,0,1,1,1,62,a5c39c771d0503fe,0,0,0
size_4096,268,0,1,0,0,1,1,1,63,a5c39c771d050006,1,0,0
size_4096,269,0,1,0,0,0,0,0,64,a5c39c771d05000e,0,1,1
size_4096,270,0,1,0,1,0,0,0,64,a5c39c771d05000e,0,0,0
size_4096,271,0,1,1,1,1,1,1,64,a5c39c771d05000e,0,0,0
size_4096,272,0,1,0,0,1,1,1,65,a5c39c771d050016,0,0,0
size_4096,273,0,1,0,0,1,1,1,66,a5c39c771d05001e,0,0,0
size_4096,274,0,1,0,0,1,1,1,67,a5c39c771d050026,0,0,0
size_4096,275,0,1,0,0,1,1,1,68,a5c39c771d05002e,0,0,0
size_4096,276,0,1,0,0,1,1,1,69,a5c39c771d050036,0,0,0
size_4096,277,0,1,0,0,1,1,1,70,a5c39c771d05003e,0,0,0
size_4096,278,0,1,0,0,1,1,1,71,a5c39c771d050046,0,0,0
size_4096,279,0,1,0,0,1,1,1,72,a5c39c771d05004e,0,0,0
size_4096,280,0,1,0,0,1,1,1,73,a5c39c771d050056,0,0,0
size_4096,281,0,1,0,0,1,1,1,74,a5c39c771d05005e,0,0,0
size_4096,282,0,1,0,0,1,1,1,75,a5c39c771d050066,0,0,0
size_4096,283,0,1,0,0,1,1,1,76,a5c39c771d05006e,0,0,0
size_4096,284,0,1,0,0,1,1,1,77,a5c39c771d050076,0,0,0
size_4096,285,0,1,0,0,1,1,1,78,a5c39c771d05007e,0,0,0
size_4096,286,0,1,0,0,1,1,1,79,a5c39c771d050086,1,0,0
size_4096,287,0,1,0,0,0,0,0,80,a5c39c771d05008e,0,1,1
size_4096,288,0,1,0,1,0,0,0,80,a5c39c771d05008e,0,0,0
size_4096,289,0,1,1,1,1,1,1,80,a5c39c771d05008e,0,0,0
size_4096,290,0,1,0,0,1,1,1,81,a5c39c771d050096,0,0,0
size_4096,291,0,1,0,0,1,1,1,82,a5c39c771d05009e,0,0,0
size_4096,292,0,1,0,0,1,1,1,83,a5c39c771d0500a6,0,0,0
size_4096,293,0,1,0,0,1,1,1,84,a5c39c771d0500ae,0,0,0
size_4096,294,0,1,0,0,1,1,1,85,a5c39c771d0500b6,0,0,0
size_4096,295,0,1,0,0,1,1,1,86,a5c39c771d0500be,0,0,0
size_4096,296,0,1,0,0,1,1,1,87,a5c39c771d0500c6,0,0,0
size_4096,297,0,1,0,0,1,1,1,88,a5c39c771d0500ce,0,0,0
size_4096,298,0,1,0,0,1,1,1,89,a5c39c771d0500d6,0,0,0
size_4096,299,0,1,0,0,1,1,1,90,a5c39c771d0500de,0,0,0
size_4096,300,0,1,0,0,1,1,1,91,a5c39c771d0500e6,0,0,0
size_4096,301,0,1,0,0,1,1,1,92,a5c39c771d0500ee,0,0,0
size_4096,302,0,1,0,0,1,1,1,93,a5c39c771d0500f6,0,0,0
size_4096,303,0,1,0,0,1,1,1,94,a5c39c771d0500fe,0,0,0
size_4096,304,0,1,0,0,1,1,1,95,a5c39c771d050106,1,0,0
size_4096,305,0,1,0,0,0,0,0,96,a5c39c771d05010e,0,1,1
size_4096,306,0,1,0,1,0,0,0,96,a5c39c771d05010e,0,0,0
size_4096,307,0,1,1,1,1,1,1,96,a5c39c771d05010e,0,0,0
size_4096,308,0,1,0,0,1,1,1,97,a5c39c771d050116,0,0,0
size_4096,309,0,1,0,0,1,1,1,98,a5c39c771d05011e,0,0,0
size_4096,310,0,1,0,0,1,1,1,99,a5c39c771d050126,0,0,0
size_4096,311,0,1,0,0,1,1,1,100,a5c39c771d05012e,0,0,0
size_4096,312,0,1,0,0,1,1,1,101,a5c39c771d050136,0,0,0
size_4096,313,0,1,0,0,1,1,1,102,a5c39c771d05013e,0,0,0
size_4096,314,0,1,0,0,1,1,1,103,a5c39c771d050146,0,0,0
size_4096,315,0,1,0,0,1,1,1,104,a5c39c771d05014e,0,0,0
size_4096,316,0,1,0,0,1,1,1,105,a5c39c771d050156,0,0,0
size_4096,317,0,1,0,0,1,1,1,106,a5c39c771d05015e,0,0,0
size_4096,318,0,1,0,0,1,1,1,107,a5c39c771d050166,0,0,0
size_4096,319,0,1,0,0,1,1,1,108,a5c39c771d05016e,0,0,0
size_4096,320,0,1,0,0,1,1,1,109,a5c39c771d050176,0,0,0
size_4096,321,0,1,0,0,1,1,1,110,a5c39c771d05017e,0,0,0
size_4096,322,0,1,0,0,1,1,1,111,a5c39c771d050186,1,0,0
size_4096,323,0,1,0,0,0,0,0,112,a5c39c771d05018e,0,1,1
size_4096,324,0,1,0,1,0,0,0,112,a5c39c771d05018e,0,0,0
size_4096,325,0,1,1,1,1,1,1,112,a5c39c771d05018e,0,0,0
size_4096,326,0,1,0,0,1,1,1,113,a5c39c771d050196,0,0,0
size_4096,327,0,1,0,0,1,1,1,114,a5c39c771d05019e,0,0,0
size_4096,328,0,1,0,0,1,1,1,115,a5c39c771d0501a6,0,0,0
size_4096,329,0,1,0,0,1,1,1,116,a5c39c771d0501ae,0,0,0
size_4096,330,0,1,0,0,1,1,1,117,a5c39c771d0501b6,0,0,0
size_4096,331,0,1,0,0,1,1,1,118,a5c39c771d0501be,0,0,0
size_4096,332,0,1,0,0,1,1,1,119,a5c39c771d0501c6,0,0,0
size_4096,333,0,1,0,0,1,1,1,120,a5c39c771d0501ce,0,0,0
size_4096,334,0,1,0,0,1,1,1,121,a5c39c771d0501d6,0,0,0
size_4096,335,0,1,0,0,1,1,1,122,a5c39c771d0501de,0,0,0
size_4096,336,0,1,0,0,1,1,1,123,a5c39c771d0501e6,0,0,0
size_4096,337,0,1,0,0,1,1,1,124,a5c39c771d0501ee,0,0,0
size_4096,338,0,1,0,0,1,1,1,125,a5c39c771d0501f6,0,0,0
size_4096,339,0,1,0,0,1,1,1,126,a5c39c771d0501fe,0,0,0
size_4096,340,0,1,0,0,1,1,1,127,a5c39c771d050606,1,0,0
size_4096,341,0,1,0,0,0,0,0,128,a5c39c771d05060e,0,1,1
size_4096,342,0,1,0,1,0,0,0,128,a5c39c771d05060e,0,0,0
size_4096,343,0,1,1,1,1,1,1,128,a5c39c771d05060e,0,0,0
size_4096,344,0,1,0,0,1,1,1,129,a5c39c771d050616,0,0,0
size_4096,345,0,1,0,0,1,1,1,130,a5c39c771d05061e,0,0,0
size_4096,346,0,1,0,0,1,1,1,131,a5c39c771d050626,0,0,0
size_4096,347,0,1,0,0,1,1,1,132,a5c39c771d05062e,0,0,0
size_4096,348,0,1,0,0,1,1,1,133,a5c39c771d050636,0,0,0
size_4096,349,0,1,0,0,1,1,1,134,a5c39c771d05063e,0,0,0
size_4096,350,0,1,0,0,1,1,1,135,a5c39c771d050646,0,0,0
size_4096,351,0,1,0,0,1,1,1,136,a5c39c771d05064e,0,0,0
size_4096,352,0,1,0,0,1,1,1,137,a5c39c771d050656,0,0,0
size_4096,353,0,1,0,0,1,1,1,138,a5c39c771d05065e,0,0,0
size_4096,354,0,1,0,0,1,1,1,139,a5c39c771d050666,0,0,0
size_4096,355,0,1,0,0,1,1,1,140,a5c39c771d05066e,0,0,0
size_4096,356,0,1,0,0,1,1,1,141,a5c39c771d050676,0,0,0
size_4096,357,0,1,0,0,1,1,1,142,a5c39c771d05067e,0,0,0
size_4096,358,0,1,0,0,1,1,1,143,a5c39c771d050686,1,0,0
size_4096,359,0,1,0,0,0,0,0,144,a5c39c771d05068e,0,1,1
size_4096,360,0,1,0,1,0,0,0,144,a5c39c771d05068e,0,0,0
size_4096,361,0,1,1,1,1,1,1,144,a5c39c771d05068e,0,0,0
size_4096,362,0,1,0,0,1,1,1,145,a5c39c771d050696,0,0,0
size_4096,363,0,1,0,0,1,1,1,146,a5c39c771d05069e,0,0,0
size_4096,364,0,1,0,0,1,1,1,147,a5c39c771d0506a6,0,0,0
size_4096,365,0,1,0,0,1,1,1,148,a5c39c771d0506ae,0,0,0
size_4096,366,0,1,0,0,1,1,1,149,a5c39c771d0506b6,0,0,0
size_4096,367,0,1,0,0,1,1,1,150,a5c39c771d0506be,0,0,0
size_4096,368,0,1,0,0,1,1,1,151,a5c39c771d0506c6,0,0,0
size_4096,369,0,1,0,0,1,1,1,152,a5c39c771d0506ce,0,0,0
size_4096,370,0,1,0,0,1,1,1,153,a5c39c771d0506d6,0,0,0
size_4096,371,0,1,0,0,1,1,1,154,a5c39c771d0506de,0,0,0
size_4096,372,0,1,0,0,1,1,1,155,a5c39c771d0506e6,0,0,0
size_4096,373,0,1,0,0,1,1,1,156,a5c39c771d0506ee,0,0,0
size_4096,374,0,1,0,0,1,1,1,157,a5c39c771d0506f6,0,0,0
size_4096,375,0,1,0,0,1,1,1,158,a5c39c771d0506fe,0,0,0
size_4096,376,0,1,0,0,1,1,1,159,a5c39c771d050706,1,0,0
size_4096,377,0,1,0,0,0,0,0,160,a5c39c771d05070e,0,1,1
size_4096,378,0,1,0,1,0,0,0,160,a5c39c771d05070e,0,0,0
size_4096,379,0,1,1,1,1,1,1,160,a5c39c771d05070e,0,0,0
size_4096,380,0,1,0,0,1,1,1,161,a5c39c771d050716,0,0,0
size_4096,381,0,1,0,0,1,1,1,162,a5c39c771d05071e,0,0,0
size_4096,382,0,1,0,0,1,1,1,163,a5c39c771d050726,0,0,0
size_4096,383,0,1,0,0,1,1,1,164,a5c39c771d05072e,0,0,0
size_4096,384,0,1,0,0,1,1,1,165,a5c39c771d050736,0,0,0
size_4096,385,0,1,0,0,1,1,1,166,a5c39c771d05073e,0,0,0
size_4096,386,0,1,0,0,1,1,1,167,a5c39c771d050746,0,0,0
size_4096,387,0,1,0,0,1,1,1,168,a5c39c771d05074e,0,0,0
size_4096,388,0,1,0,0,1,1,1,169,a5c39c771d050756,0,0,0
size_4096,389,0,1,0,0,1,1,1,170,a5c39c771d05075e,0,0,0
size_4096,390,0,1,0,0,1,1,1,171,a5c39c771d050766,0,0,0
size_4096,391,0,1,0,0,1,1,1,172,a5c39c771d05076e,0,0,0
size_4096,392,0,1,0,0,1,1,1,173,a5c39c771d050776,0,0,0
size_4096,393,0,1,0,0,1,1,1,174,a5c39c771d05077e,0,0,0
size_4096,394,0,1,0,0,1,1,1,175,a5c39c771d050786,1,0,0
size_4096,395,0,1,0,0,0,0,0,176,a5c39c771d05078e,0,1,1
size_4096,396,0,1,0,1,0,0,0,176,a5c39c771d05078e,0,0,0
size_4096,397,0,1,1,1,1,1,1,176,a5c39c771d05078e,0,0,0
size_4096,398,0,1,0,0,1,1,1,177,a5c39c771d050796,0,0,0
size_4096,399,0,1,0,0,1,1,1,178,a5c39c771d05079e,0,0,0
size_4096,400,0,1,0,0,1,1,1,179,a5c39c771d0507a6,0,0,0
size_4096,401,0,1,0,0,1,1,1,180,a5c39c771d0507ae,0,0,0
size_4096,402,0,1,0,0,1,1,1,181,a5c39c771d0507b6,0,0,0
size_4096,403,0,1,0,0,1,1,1,182,a5c39c771d0507be,0,0,0
size_4096,404,0,1,0,0,1,1,1,183,a5c39c771d0507c6,0,0,0
size_4096,405,0,1,0,0,1,1,1,184,a5c39c771d0507ce,0,0,0
size_4096,406,0,1,0,0,1,1,1,185,a5c39c771d0507d6,0,0,0
size_4096,407,0,1,0,0,1,1,1,186,a5c39c771d0507de,0,0,0
size_4096,408,0,1,0,0,1,1,1,187,a5c39c771d0507e6,0,0,0
size_4096,409,0,1,0,0,1,1,1,188,a5c39c771d0507ee,0,0,0
size_4096,410,0,1,0,0,1,1,1,189,a5c39c771d0507f6,0,0,0
size_4096,411,0,1,0,0,1,1,1,190,a5c39c771d0507fe,0,0,0
size_4096,412,0,1,0,0,1,1,1,191,a5c39c771d050406,1,0,0
size_4096,413,0,1,0,0,0,0,0,192,a5c39c771d05040e,0,1,1
size_4096,414,0,1,0,1,0,0,0,192,a5c39c771d05040e,0,0,0
size_4096,415,0,1,1,1,1,1,1,192,a5c39c771d05040e,0,0,0
size_4096,416,0,1,0,0,1,1,1,193,a5c39c771d050416,0,0,0
size_4096,417,0,1,0,0,1,1,1,194,a5c39c771d05041e,0,0,0
size_4096,418,0,1,0,0,1,1,1,195,a5c39c771d050426,0,0,0
size_4096,419,0,1,0,0,1,1,1,196,a5c39c771d05042e,0,0,0
size_4096,420,0,1,0,0,1,1,1,197,a5c39c771d050436,0,0,0
size_4096,421,0,1,0,0,1,1,1,198,a5c39c771d05043e,0,0,0
size_4096,422,0,1,0,0,1,1,1,199,a5c39c771d050446,0,0,0
size_4096,423,0,1,0,0,1,1,1,200,a5c39c771d05044e,0,0,0
size_4096,424,0,1,0,0,1,1,1,201,a5c39c771d050456,0,0,0
size_4096,425,0,1,0,0,1,1,1,202,a5c39c771d05045e,0,0,0
size_4096,426,0,1,0,0,1,1,1,203,a5c39c771d050466,0,0,0
size_4096,427,0,1,0,0,1,1,1,204,a5c39c771d05046e,0,0,0
size_4096,428,0,1,0,0,1,1,1,205,a5c39c771d050476,0,0,0
size_4096,429,0,1,0,0,1,1,1,206,a5c39c771d05047e,0,0,0
size_4096,430,0,1,0,0,1,1,1,207,a5c39c771d050486,1,0,0
size_4096,431,0,1,0,0,0,0,0,208,a5c39c771d05048e,0,1,1
size_4096,432,0,1,0,1,0,0,0,208,a5c39c771d05048e,0,0,0
size_4096,433,0,1,1,1,1,1,1,208,a5c39c771d05048e,0,0,0
size_4096,434,0,1,0,0,1,1,1,209,a5c39c771d050496,0,0,0
size_4096,435,0,1,0,0,1,1,1,210,a5c39c771d05049e,0,0,0
size_4096,436,0,1,0,0,1,1,1,211,a5c39c771d0504a6,0,0,0
size_4096,437,0,1,0,0,1,1,1,212,a5c39c771d0504ae,0,0,0
size_4096,438,0,1,0,0,1,1,1,213,a5c39c771d0504b6,0,0,0
size_4096,439,0,1,0,0,1,1,1,214,a5c39c771d0504be,0,0,0
size_4096,440,0,1,0,0,1,1,1,215,a5c39c771d0504c6,0,0,0
size_4096,441,0,1,0,0,1,1,1,216,a5c39c771d0504ce,0,0,0
size_4096,442,0,1,0,0,1,1,1,217,a5c39c771d0504d6,0,0,0
size_4096,443,0,1,0,0,1,1,1,218,a5c39c771d0504de,0,0,0
size_4096,444,0,1,0,0,1,1,1,219,a5c39c771d0504e6,0,0,0
size_4096,445,0,1,0,0,1,1,1,220,a5c39c771d0504ee,0,0,0
size_4096,446,0,1,0,0,1,1,1,221,a5c39c771d0504f6,0,0,0
size_4096,447,0,1,0,0,1,1,1,222,a5c39c771d0504fe,0,0,0
size_4096,448,0,1,0,0,1,1,1,223,a5c39c771d050506,1,0,0
size_4096,449,0,1,0,0,0,0,0,224,a5c39c771d05050e,0,1,1
size_4096,450,0,1,0,1,0,0,0,224,a5c39c771d05050e,0,0,0
size_4096,451,0,1,1,1,1,1,1,224,a5c39c771d05050e,0,0,0
size_4096,452,0,1,0,0,1,1,1,225,a5c39c771d050516,0,0,0
size_4096,453,0,1,0,0,1,1,1,226,a5c39c771d05051e,0,0,0
size_4096,454,0,1,0,0,1,1,1,227,a5c39c771d050526,0,0,0
size_4096,455,0,1,0,0,1,1,1,228,a5c39c771d05052e,0,0,0
size_4096,456,0,1,0,0,1,1,1,229,a5c39c771d050536,0,0,0
size_4096,457,0,1,0,0,1,1,1,230,a5c39c771d05053e,0,0,0
size_4096,458,0,1,0,0,1,1,1,231,a5c39c771d050546,0,0,0
size_4096,459,0,1,0,0,1,1,1,232,a5c39c771d05054e,0,0,0
size_4096,460,0,1,0,0,1,1,1,233,a5c39c771d050556,0,0,0
size_4096,461,0,1,0,0,1,1,1,234,a5c39c771d05055e,0,0,0
size_4096,462,0,1,0,0,1,1,1,235,a5c39c771d050566,0,0,0
size_4096,463,0,1,0,0,1,1,1,236,a5c39c771d05056e,0,0,0
size_4096,464,0,1,0,0,1,1,1,237,a5c39c771d050576,0,0,0
size_4096,465,0,1,0,0,1,1,1,238,a5c39c771d05057e,0,0,0
size_4096,466,0,1,0,0,1,1,1,239,a5c39c771d050586,1,0,0
size_4096,467,0,1,0,0,0,0,0,240,a5c39c771d05058e,0,1,1
size_4096,468,0,1,0,1,0,0,0,240,a5c39c771d05058e,0,0,0
size_4096,469,0,1,1,1,1,1,1,240,a5c39c771d05058e,0,0,0
size_4096,470,0,1,0,0,1,1,1,241,a5c39c771d050596,0,0,0
size_4096,471,0,1,0,0,1,1,1,242,a5c39c771d05059e,0,0,0
size_4096,472,0,1,0,0,1,1,1,243,a5c39c771d0505a6,0,0,0
size_4096,473,0,1,0,0,1,1,1,244,a5c39c771d0505ae,0,0,0
size_4096,474,0,1,0,0,1,1,1,245,a5c39c771d0505b6,0,0,0
size_4096,475,0,1,0,0,1,1,1,246,a5c39c771d0505be,0,0,0
size_4096,476,0,1,0,0,1,1,1,247,a5c39c771d0505c6,0,0,0
size_4096,477,0,1,0,0,1,1,1,248,a5c39c771d0505ce,0,0,0
size_4096,478,0,1,0,0,1,1,1,249,a5c39c771d0505d6,0,0,0
size_4096,479,0,1,0,0,1,1,1,250,a5c39c771d0505de,0,0,0
size_4096,480,0,1,0,0,1,1,1,251,a5c39c771d0505e6,0,0,0
size_4096,481,0,1,0,0,1,1,1,252,a5c39c771d0505ee,0,0,0
size_4096,482,0,1,0,0,1,1,1,253,a5c39c771d0505f6,0,0,0
size_4096,483,0,1,0,0,1,1,1,254,a5c39c771d0505fe,0,0,0
size_4096,484,0,1,0,0,1,1,1,255,a5c39c771d050a06,1,0,0
size_4096,485,0,1,0,0,0,0,0,256,a5c39c771d050a0e,0,1,1
size_4096,486,0,1,0,1,0,0,0,256,a5c39c771d050a0e,0,0,0
size_4096,487,0,1,1,1,1,1,1,256,a5c39c771d050a0e,0,0,0
size_4096,488,0,1,0,0,1,1,1,257,a5c39c771d050a16,0,0,0
size_4096,489,0,1,0,0,1,1,1,258,a5c39c771d050a1e,0,0,0
size_4096,490,0,1,0,0,1,1,1,259,a5c39c771d050a26,0,0,0
size_4096,491,0,1,0,0,1,1,1,260,a5c39c771d050a2e,0,0,0
size_4096,492,0,1,0,0,1,1,1,261,a5c39c771d050a36,0,0,0
size_4096,493,0,1,0,0,1,1,1,262,a5c39c771d050a3e,0,0,0
size_4096,494,0,1,0,0,1,1,1,263,a5c39c771d050a46,0,0,0
size_4096,495,0,1,0,0,1,1,1,264,a5c39c771d050a4e,0,0,0
size_4096,496,0,1,0,0,1,1,1,265,a5c39c771d050a56,0,0,0
size_4096,497,0,1,0,0,1,1,1,266,a5c39c771d050a5e,0,0,0
size_4096,498,0,1,0,0,1,1,1,267,a5c39c771d050a66,0,0,0
size_4096,499,0,1,0,0,1,1,1,268,a5c39c771d050a6e,0,0,0
size_4096,500,0,1,0,0,1,1,1,269,a5c39c771d050a76,0,0,0
size_4096,501,0,1,0,0,1,1,1,270,a5c39c771d050a7e,0,0,0
size_4096,502,0,1,0,0,1,1,1,271,a5c39c771d050a86,1,0,0
size_4096,503,0,1,0,0,0,0,0,272,a5c39c771d050a8e,0,1,1
size_4096,504,0,1,0,1,0,0,0,272,a5c39c771d050a8e,0,0,0
size_4096,505,0,1,1,1,1,1,1,272,a5c39c771d050a8e,0,0,0
size_4096,506,0,1,0,0,1,1,1,273,a5c39c771d050a96,0,0,0
size_4096,507,0,1,0,0,1,1,1,274,a5c39c771d050a9e,0,0,0
size_4096,508,0,1,0,0,1,1,1,275,a5c39c771d050aa6,0,0,0
size_4096,509,0,1,0,0,1,1,1,276,a5c39c771d050aae,0,0,0
size_4096,510,0,1,0,0,1,1,1,277,a5c39c771d050ab6,0,0,0
size_4096,511,0,1,0,0,1,1,1,278,a5c39c771d050abe,0,0,0
size_4096,512,0,1,0,0,1,1,1,279,a5c39c771d050ac6,0,0,0
size_4096,513,0,1,0,0,1,1,1,280,a5c39c771d050ace,0,0,0
size_4096,514,0,1,0,0,1,1,1,281,a5c39c771d050ad6,0,0,0
size_4096,515,0,1,0,0,1,1,1,282,a5c39c771d050ade,0,0,0
size_4096,516,0,1,0,0,1,1,1,283,a5c39c771d050ae6,0,0,0
size_4096,517,0,1,0,0,1,1,1,284,a5c39c771d050aee,0,0,0
size_4096,518,0,1,0,0,1,1,1,285,a5c39c771d050af6,0,0,0
size_4096,519,0,1,0,0,1,1,1,286,a5c39c771d050afe,0,0,0
size_4096,520,0,1,0,0,1,1,1,287,a5c39c771d050b06,1,0,0
size_4096,521,0,1,0,0,0,0,0,288,a5c39c771d050b0e,0,1,1
size_4096,522,0,1,0,1,0,0,0,288,a5c39c771d050b0e,0,0,0
size_4096,523,0,1,1,1,1,1,1,288,a5c39c771d050b0e,0,0,0
size_4096,524,0,1,0,0,1,1,1,289,a5c39c771d050b16,0,0,0
size_4096,525,0,1,0,0,1,1,1,290,a5c39c771d050b1e,0,0,0
size_4096,526,0,1,0,0,1,1,1,291,a5c39c771d050b26,0,0,0
size_4096,527,0,1,0,0,1,1,1,292,a5c39c771d050b2e,0,0,0
size_4096,528,0,1,0,0,1,1,1,293,a5c39c771d050b36,0,0,0
size_4096,529,0,1,0,0,1,1,1,294,a5c39c771d050b3e,0,0,0
size_4096,530,0,1,0,0,1,1,1,295,a5c39c771d050b46,0,0,0
size_4096,531,0,1,0,0,1,1,1,296,a5c39c771d050b4e,0,0,0
size_4096,532,0,1,0,0,1,1,1,297,a5c39c771d050b56,0,0,0
size_4096,533,0,1,0,0,1,1,1,298,a5c39c771d050b5e,0,0,0
size_4096,534,0,1,0,0,1,1,1,299,a5c39c771d050b66,0,0,0
size_4096,535,0,1,0,0,1,1,1,300,a5c39c771d050b6e,0,0,0
size_4096,536,0,1,0,0,1,1,1,301,a5c39c771d050b76,0,0,0
size_4096,537,0,1,0,0,1,1,1,302,a5c39c771d050b7e,0,0,0
size_4096,538,0,1,0,0,1,1,1,303,a5c39c771d050b86,1,0,0
size_4096,539,0,1,0,0,0,0,0,304,a5c39c771d050b8e,0,1,1
size_4096,540,0,1,0,1,0,0,0,304,a5c39c771d050b8e,0,0,0
size_4096,541,0,1,1,1,1,1,1,304,a5c39c771d050b8e,0,0,0
size_4096,542,0,1,0,0,1,1,1,305,a5c39c771d050b96,0,0,0
size_4096,543,0,1,0,0,1,1,1,306,a5c39c771d050b9e,0,0,0
size_4096,544,0,1,0,0,1,1,1,307,a5c39c771d050ba6,0,0,0
size_4096,545,0,1,0,0,1,1,1,308,a5c39c771d050bae,0,0,0
size_4096,546,0,1,0,0,1,1,1,309,a5c39c771d050bb6,0,0,0
size_4096,547,0,1,0,0,1,1,1,310,a5c39c771d050bbe,0,0,0
size_4096,548,0,1,0,0,1,1,1,311,a5c39c771d050bc6,0,0,0
size_4096,549,0,1,0,0,1,1,1,312,a5c39c771d050bce,0,0,0
size_4096,550,0,1,0,0,1,1,1,313,a5c39c771d050bd6,0,0,0
size_4096,551,0,1,0,0,1,1,1,314,a5c39c771d050bde,0,0,0
size_4096,552,0,1,0,0,1,1,1,315,a5c39c771d050be6,0,0,0
size_4096,553,0,1,0,0,1,1,1,316,a5c39c771d050bee,0,0,0
size_4096,554,0,1,0,0,1,1,1,317,a5c39c771d050bf6,0,0,0
size_4096,555,0,1,0,0,1,1,1,318,a5c39c771d050bfe,0,0,0
size_4096,556,0,1,0,0,1,1,1,319,a5c39c771d050806,1,0,0
size_4096,557,0,1,0,0,0,0,0,320,a5c39c771d05080e,0,1,1
size_4096,558,0,1,0,1,0,0,0,320,a5c39c771d05080e,0,0,0
size_4096,559,0,1,1,1,1,1,1,320,a5c39c771d05080e,0,0,0
size_4096,560,0,1,0,0,1,1,1,321,a5c39c771d050816,0,0,0
size_4096,561,0,1,0,0,1,1,1,322,a5c39c771d05081e,0,0,0
size_4096,562,0,1,0,0,1,1,1,323,a5c39c771d050826,0,0,0
size_4096,563,0,1,0,0,1,1,1,324,a5c39c771d05082e,0,0,0
size_4096,564,0,1,0,0,1,1,1,325,a5c39c771d050836,0,0,0
size_4096,565,0,1,0,0,1,1,1,326,a5c39c771d05083e,0,0,0
size_4096,566,0,1,0,0,1,1,1,327,a5c39c771d050846,0,0,0
size_4096,567,0,1,0,0,1,1,1,328,a5c39c771d05084e,0,0,0
size_4096,568,0,1,0,0,1,1,1,329,a5c39c771d050856,0,0,0
size_4096,569,0,1,0,0,1,1,1,330,a5c39c771d05085e,0,0,0
size_4096,570,0,1,0,0,1,1,1,331,a5c39c771d050866,0,0,0
size_4096,571,0,1,0,0,1,1,1,332,a5c39c771d05086e,0,0,0
size_4096,572,0,1,0,0,1,1,1,333,a5c39c771d050876,0,0,0
size_4096,573,0,1,0,0,1,1,1,334,a5c39c771d05087e,0,0,0
size_4096,574,0,1,0,0,1,1,1,335,a5c39c771d050886,1,0,0
size_4096,575,0,1,0,0,0,0,0,336,a5c39c771d05088e,0,1,1
size_4096,576,0,1,0,1,0,0,0,336,a5c39c771d05088e,0,0,0
size_4096,577,0,1,1,1,1,1,1,336,a5c39c771d05088e,0,0,0
size_4096,578,0,1,0,0,1,1,1,337,a5c39c771d050896,0,0,0
size_4096,579,0,1,0,0,1,1,1,338,a5c39c771d05089e,0,0,0
size_4096,580,0,1,0,0,1,1,1,339,a5c39c771d0508a6,0,0,0
size_4096,581,0,1,0,0,1,1,1,340,a5c39c771d0508ae,0,0,0
size_4096,582,0,1,0,0,1,1,1,341,a5c39c771d0508b6,0,0,0
size_4096,583,0,1,0,0,1,1,1,342,a5c39c771d0508be,0,0,0
size_4096,584,0,1,0,0,1,1,1,343,a5c39c771d0508c6,0,0,0
size_4096,585,0,1,0,0,1,1,1,344,a5c39c771d0508ce,0,0,0
size_4096,586,0,1,0,0,1,1,1,345,a5c39c771d0508d6,0,0,0
size_4096,587,0,1,0,0,1,1,1,346,a5c39c771d0508de,0,0,0
size_4096,588,0,1,0,0,1,1,1,347,a5c39c771d0508e6,0,0,0
size_4096,589,0,1,0,0,1,1,1,348,a5c39c771d0508ee,0,0,0
size_4096,590,0,1,0,0,1,1,1,349,a5c39c771d0508f6,0,0,0
size_4096,591,0,1,0,0,1,1,1,350,a5c39c771d0508fe,0,0,0
size_4096,592,0,1,0,0,1,1,1,351,a5c39c771d050906,1,0,0
size_4096,593,0,1,0,0,0,0,0,352,a5c39c771d05090e,0,1,1
size_4096,594,0,1,0,1,0,0,0,352,a5c39c771d05090e,0,0,0
size_4096,595,0,1,1,1,1,1,1,352,a5c39c771d05090e,0,0,0
size_4096,596,0,1,0,0,1,1,1,353,a5c39c771d050916,0,0,0
size_4096,597,0,1,0,0,1,1,1,354,a5c39c771d05091e,0,0,0
size_4096,598,0,1,0,0,1,1,1,355,a5c39c771d050926,0,0,0
size_4096,599,0,1,0,0,1,1,1,356,a5c39c771d05092e,0,0,0
size_4096,600,0,1,0,0,1,1,1,357,a5c39c771d050936,0,0,0
size_4096,601,0,1,0,0,1,1,1,358,a5c39c771d05093e,0,0,0
size_4096,602,0,1,0,0,1,1,1,359,a5c39c771d050946,0,0,0
size_4096,603,0,1,0,0,1,1,1,360,a5c39c771d05094e,0,0,0
size_4096,604,0,1,0,0,1,1,1,361,a5c39c771d050956,0,0,0
size_4096,605,0,1,0,0,1,1,1,362,a5c39c771d05095e,0,0,0
size_4096,606,0,1,0,0,1,1,1,363,a5c39c771d050966,0,0,0
size_4096,607,0,1,0,0,1,1,1,364,a5c39c771d05096e,0,0,0
size_4096,608,0,1,0,0,1,1,1,365,a5c39c771d050976,0,0,0
size_4096,609,0,1,0,0,1,1,1,366,a5c39c771d05097e,0,0,0
size_4096,610,0,1,0,0,1,1,1,367,a5c39c771d050986,1,0,0
size_4096,611,0,1,0,0,0,0,0,368,a5c39c771d05098e,0,1,1
size_4096,612,0,1,0,1,0,0,0,368,a5c39c771d05098e,0,0,0
size_4096,613,0,1,1,1,1,1,1,368,a5c39c771d05098e,0,0,0
size_4096,614,0,1,0,0,1,1,1,369,a5c39c771d050996,0,0,0
size_4096,615,0,1,0,0,1,1,1,370,a5c39c771d05099e,0,0,0
size_4096,616,0,1,0,0,1,1,1,371,a5c39c771d0509a6,0,0,0
size_4096,617,0,1,0,0,1,1,1,372,a5c39c771d0509ae,0,0,0
size_4096,618,0,1,0,0,1,1,1,373,a5c39c771d0509b6,0,0,0
size_4096,619,0,1,0,0,1,1,1,374,a5c39c771d0509be,0,0,0
size_4096,620,0,1,0,0,1,1,1,375,a5c39c771d0509c6,0,0,0
size_4096,621,0,1,0,0,1,1,1,376,a5c39c771d0509ce,0,0,0
size_4096,622,0,1,0,0,1,1,1,377,a5c39c771d0509d6,0,0,0
size_4096,623,0,1,0,0,1,1,1,378,a5c39c771d0509de,0,0,0
size_4096,624,0,1,0,0,1,1,1,379,a5c39c771d0509e6,0,0,0
size_4096,625,0,1,0,0,1,1,1,380,a5c39c771d0509ee,0,0,0
size_4096,626,0,1,0,0,1,1,1,381,a5c39c771d0509f6,0,0,0
size_4096,627,0,1,0,0,1,1,1,382,a5c39c771d0509fe,0,0,0
size_4096,628,0,1,0,0,1,1,1,383,a5c39c771d050e06,1,0,0
size_4096,629,0,1,0,0,0,0,0,384,a5c39c771d050e0e,0,1,1
size_4096,630,0,1,0,1,0,0,0,384,a5c39c771d050e0e,0,0,0
size_4096,631,0,1,1,1,1,1,1,384,a5c39c771d050e0e,0,0,0
size_4096,632,0,1,0,0,1,1,1,385,a5c39c771d050e16,0,0,0
size_4096,633,0,1,0,0,1,1,1,386,a5c39c771d050e1e,0,0,0
size_4096,634,0,1,0,0,1,1,1,387,a5c39c771d050e26,0,0,0
size_4096,635,0,1,0,0,1,1,1,388,a5c39c771d050e2e,0,0,0
size_4096,636,0,1,0,0,1,1,1,389,a5c39c771d050e36,0,0,0
size_4096,637,0,1,0,0,1,1,1,390,a5c39c771d050e3e,0,0,0
size_4096,638,0,1,0,0,1,1,1,391,a5c39c771d050e46,0,0,0
size_4096,639,0,1,0,0,1,1,1,392,a5c39c771d050e4e,0,0,0
size_4096,640,0,1,0,0,1,1,1,393,a5c39c771d050e56,0,0,0
size_4096,641,0,1,0,0,1,1,1,394,a5c39c771d050e5e,0,0,0
size_4096,642,0,1,0,0,1,1,1,395,a5c39c771d050e66,0,0,0
size_4096,643,0,1,0,0,1,1,1,396,a5c39c771d050e6e,0,0,0
size_4096,644,0,1,0,0,1,1,1,397,a5c39c771d050e76,0,0,0
size_4096,645,0,1,0,0,1,1,1,398,a5c39c771d050e7e,0,0,0
size_4096,646,0,1,0,0,1,1,1,399,a5c39c771d050e86,1,0,0
size_4096,647,0,1,0,0,0,0,0,400,a5c39c771d050e8e,0,1,1
size_4096,648,0,1,0,1,0,0,0,400,a5c39c771d050e8e,0,0,0
size_4096,649,0,1,1,1,1,1,1,400,a5c39c771d050e8e,0,0,0
size_4096,650,0,1,0,0,1,1,1,401,a5c39c771d050e96,0,0,0
size_4096,651,0,1,0,0,1,1,1,402,a5c39c771d050e9e,0,0,0
size_4096,652,0,1,0,0,1,1,1,403,a5c39c771d050ea6,0,0,0
size_4096,653,0,1,0,0,1,1,1,404,a5c39c771d050eae,0,0,0
size_4096,654,0,1,0,0,1,1,1,405,a5c39c771d050eb6,0,0,0
size_4096,655,0,1,0,0,1,1,1,406,a5c39c771d050ebe,0,0,0
size_4096,656,0,1,0,0,1,1,1,407,a5c39c771d050ec6,0,0,0
size_4096,657,0,1,0,0,1,1,1,408,a5c39c771d050ece,0,0,0
size_4096,658,0,1,0,0,1,1,1,409,a5c39c771d050ed6,0,0,0
size_4096,659,0,1,0,0,1,1,1,410,a5c39c771d050ede,0,0,0
size_4096,660,0,1,0,0,1,1,1,411,a5c39c771d050ee6,0,0,0
size_4096,661,0,1,0,0,1,1,1,412,a5c39c771d050eee,0,0,0
size_4096,662,0,1,0,0,1,1,1,413,a5c39c771d050ef6,0,0,0
size_4096,663,0,1,0,0,1,1,1,414,a5c39c771d050efe,0,0,0
size_4096,664,0,1,0,0,1,1,1,415,a5c39c771d050f06,1,0,0
size_4096,665,0,1,0,0,0,0,0,416,a5c39c771d050f0e,0,1,1
size_4096,666,0,1,0,1,0,0,0,416,a5c39c771d050f0e,0,0,0
size_4096,667,0,1,1,1,1,1,1,416,a5c39c771d050f0e,0,0,0
size_4096,668,0,1,0,0,1,1,1,417,a5c39c771d050f16,0,0,0
size_4096,669,0,1,0,0,1,1,1,418,a5c39c771d050f1e,0,0,0
size_4096,670,0,1,0,0,1,1,1,419,a5c39c771d050f26,0,0,0
size_4096,671,0,1,0,0,1,1,1,420,a5c39c771d050f2e,0,0,0
size_4096,672,0,1,0,0,1,1,1,421,a5c39c771d050f36,0,0,0
size_4096,673,0,1,0,0,1,1,1,422,a5c39c771d050f3e,0,0,0
size_4096,674,0,1,0,0,1,1,1,423,a5c39c771d050f46,0,0,0
size_4096,675,0,1,0,0,1,1,1,424,a5c39c771d050f4e,0,0,0
size_4096,676,0,1,0,0,1,1,1,425,a5c39c771d050f56,0,0,0
size_4096,677,0,1,0,0,1,1,1,426,a5c39c771d050f5e,0,0,0
size_4096,678,0,1,0,0,1,1,1,427,a5c39c771d050f66,0,0,0
size_4096,679,0,1,0,0,1,1,1,428,a5c39c771d050f6e,0,0,0
size_4096,680,0,1,0,0,1,1,1,429,a5c39c771d050f76,0,0,0
size_4096,681,0,1,0,0,1,1,1,430,a5c39c771d050f7e,0,0,0
size_4096,682,0,1,0,0,1,1,1,431,a5c39c771d050f86,1,0,0
size_4096,683,0,1,0,0,0,0,0,432,a5c39c771d050f8e,0,1,1
size_4096,684,0,1,0,1,0,0,0,432,a5c39c771d050f8e,0,0,0
size_4096,685,0,1,1,1,1,1,1,432,a5c39c771d050f8e,0,0,0
size_4096,686,0,1,0,0,1,1,1,433,a5c39c771d050f96,0,0,0
size_4096,687,0,1,0,0,1,1,1,434,a5c39c771d050f9e,0,0,0
size_4096,688,0,1,0,0,1,1,1,435,a5c39c771d050fa6,0,0,0
size_4096,689,0,1,0,0,1,1,1,436,a5c39c771d050fae,0,0,0
size_4096,690,0,1,0,0,1,1,1,437,a5c39c771d050fb6,0,0,0
size_4096,691,0,1,0,0,1,1,1,438,a5c39c771d050fbe,0,0,0
size_4096,692,0,1,0,0,1,1,1,439,a5c39c771d050fc6,0,0,0
size_4096,693,0,1,0,0,1,1,1,440,a5c39c771d050fce,0,0,0
size_4096,694,0,1,0,0,1,1,1,441,a5c39c771d050fd6,0,0,0
size_4096,695,0,1,0,0,1,1,1,442,a5c39c771d050fde,0,0,0
size_4096,696,0,1,0,0,1,1,1,443,a5c39c771d050fe6,0,0,0
size_4096,697,0,1,0,0,1,1,1,444,a5c39c771d050fee,0,0,0
size_4096,698,0,1,0,0,1,1,1,445,a5c39c771d050ff6,0,0,0
size_4096,699,0,1,0,0,1,1,1,446,a5c39c771d050ffe,0,0,0
size_4096,700,0,1,0,0,1,1,1,447,a5c39c771d050c06,1,0,0
size_4096,701,0,1,0,0,0,0,0,448,a5c39c771d050c0e,0,1,1
size_4096,702,0,1,0,1,0,0,0,448,a5c39c771d050c0e,0,0,0
size_4096,703,0,1,1,1,1,1,1,448,a5c39c771d050c0e,0,0,0
size_4096,704,0,1,0,0,1,1,1,449,a5c39c771d050c16,0,0,0
size_4096,705,0,1,0,0,1,1,1,450,a5c39c771d050c1e,0,0,0
size_4096,706,0,1,0,0,1,1,1,451,a5c39c771d050c26,0,0,0
size_4096,707,0,1,0,0,1,1,1,452,a5c39c771d050c2e,0,0,0
size_4096,708,0,1,0,0,1,1,1,453,a5c39c771d050c36,0,0,0
size_4096,709,0,1,0,0,1,1,1,454,a5c39c771d050c3e,0,0,0
size_4096,710,0,1,0,0,1,1,1,455,a5c39c771d050c46,0,0,0
size_4096,711,0,1,0,0,1,1,1,456,a5c39c771d050c4e,0,0,0
size_4096,712,0,1,0,0,1,1,1,457,a5c39c771d050c56,0,0,0
size_4096,713,0,1,0,0,1,1,1,458,a5c39c771d050c5e,0,0,0
size_4096,714,0,1,0,0,1,1,1,459,a5c39c771d050c66,0,0,0
size_4096,715,0,1,0,0,1,1,1,460,a5c39c771d050c6e,0,0,0
size_4096,716,0,1,0,0,1,1,1,461,a5c39c771d050c76,0,0,0
size_4096,717,0,1,0,0,1,1,1,462,a5c39c771d050c7e,0,0,0
size_4096,718,0,1,0,0,1,1,1,463,a5c39c771d050c86,1,0,0
size_4096,719,0,1,0,0,0,0,0,464,a5c39c771d050c8e,0,1,1
size_4096,720,0,1,0,1,0,0,0,464,a5c39c771d050c8e,0,0,0
size_4096,721,0,1,1,1,1,1,1,464,a5c39c771d050c8e,0,0,0
size_4096,722,0,1,0,0,1,1,1,465,a5c39c771d050c96,0,0,0
size_4096,723,0,1,0,0,1,1,1,466,a5c39c771d050c9e,0,0,0
size_4096,724,0,1,0,0,1,1,1,467,a5c39c771d050ca6,0,0,0
size_4096,725,0,1,0,0,1,1,1,468,a5c39c771d050cae,0,0,0
size_4096,726,0,1,0,0,1,1,1,469,a5c39c771d050cb6,0,0,0
size_4096,727,0,1,0,0,1,1,1,470,a5c39c771d050cbe,0,0,0
size_4096,728,0,1,0,0,1,1,1,471,a5c39c771d050cc6,0,0,0
size_4096,729,0,1,0,0,1,1,1,472,a5c39c771d050cce,0,0,0
size_4096,730,0,1,0,0,1,1,1,473,a5c39c771d050cd6,0,0,0
size_4096,731,0,1,0,0,1,1,1,474,a5c39c771d050cde,0,0,0
size_4096,732,0,1,0,0,1,1,1,475,a5c39c771d050ce6,0,0,0
size_4096,733,0,1,0,0,1,1,1,476,a5c39c771d050cee,0,0,0
size_4096,734,0,1,0,0,1,1,1,477,a5c39c771d050cf6,0,0,0
size_4096,735,0,1,0,0,1,1,1,478,a5c39c771d050cfe,0,0,0
size_4096,736,0,1,0,0,1,1,1,479,a5c39c771d050d06,1,0,0
size_4096,737,0,1,0,0,0,0,0,480,a5c39c771d050d0e,0,1,1
size_4096,738,0,1,0,1,0,0,0,480,a5c39c771d050d0e,0,0,0
size_4096,739,0,1,1,1,1,1,1,480,a5c39c771d050d0e,0,0,0
size_4096,740,0,1,0,0,1,1,1,481,a5c39c771d050d16,0,0,0
size_4096,741,0,1,0,0,1,1,1,482,a5c39c771d050d1e,0,0,0
size_4096,742,0,1,0,0,1,1,1,483,a5c39c771d050d26,0,0,0
size_4096,743,0,1,0,0,1,1,1,484,a5c39c771d050d2e,0,0,0
size_4096,744,0,1,0,0,1,1,1,485,a5c39c771d050d36,0,0,0
size_4096,745,0,1,0,0,1,1,1,486,a5c39c771d050d3e,0,0,0
size_4096,746,0,1,0,0,1,1,1,487,a5c39c771d050d46,0,0,0
size_4096,747,0,1,0,0,1,1,1,488,a5c39c771d050d4e,0,0,0
size_4096,748,0,1,0,0,1,1,1,489,a5c39c771d050d56,0,0,0
size_4096,749,0,1,0,0,1,1,1,490,a5c39c771d050d5e,0,0,0
size_4096,750,0,1,0,0,1,1,1,491,a5c39c771d050d66,0,0,0
size_4096,751,0,1,0,0,1,1,1,492,a5c39c771d050d6e,0,0,0
size_4096,752,0,1,0,0,1,1,1,493,a5c39c771d050d76,0,0,0
size_4096,753,0,1,0,0,1,1,1,494,a5c39c771d050d7e,0,0,0
size_4096,754,0,1,0,0,1,1,1,495,a5c39c771d050d86,1,0,0
size_4096,755,0,1,0,0,0,0,0,496,a5c39c771d050d8e,0,1,1
size_4096,756,0,1,0,1,0,0,0,496,a5c39c771d050d8e,0,0,0
size_4096,757,0,1,1,1,1,1,1,496,a5c39c771d050d8e,0,0,0
size_4096,758,0,1,0,0,1,1,1,497,a5c39c771d050d96,0,0,0
size_4096,759,0,1,0,0,1,1,1,498,a5c39c771d050d9e,0,0,0
size_4096,760,0,1,0,0,1,1,1,499,a5c39c771d050da6,0,0,0
size_4096,761,0,1,0,0,1,1,1,500,a5c39c771d050dae,0,0,0
size_4096,762,0,1,0,0,1,1,1,501,a5c39c771d050db6,0,0,0
size_4096,763,0,1,0,0,1,1,1,502,a5c39c771d050dbe,0,0,0
size_4096,764,0,1,0,0,1,1,1,503,a5c39c771d050dc6,0,0,0
size_4096,765,0,1,0,0,1,1,1,504,a5c39c771d050dce,0,0,0
size_4096,766,0,1,0,0,1,1,1,505,a5c39c771d050dd6,0,0,0
size_4096,767,0,1,0,0,1,1,1,506,a5c39c771d050dde,0,0,0
size_4096,768,0,1,0,0,1,1,1,507,a5c39c771d050de6,0,0,0
size_4096,769,0,1,0,0,1,1,1,508,a5c39c771d050dee,0,0,0
size_4096,770,0,1,0,0,1,1,1,509,a5c39c771d050df6,0,0,0
size_4096,771,0,1,0,0,1,1,1,510,a5c39c771d050dfe,1,0,0
size_4096,772,0,1,0,0,0,1,0,511,a5c39c771d051206,0,1,1
size_4096,773,0,1,0,1,0,0,0,511,a5c39c771d051206,0,0,0
size_4096,774,0,1,1,1,1,1,1,511,a5c39c771d051206,1,0,0
size_4096,775,0,1,0,0,0,1,0,512,c0fecafe12345678,0,1,1
pose_Bdelay12,1364,1,0,0,1,0,1,0,0,a5c39c761d060227,0,0,0
pose_Bdelay12,1365,0,1,0,1,0,1,0,0,a5c39c761d060227,0,0,0
pose_Bdelay12,1366,0,1,1,1,1,1,1,0,a5c39c761d060227,0,0,0
pose_Bdelay12,1367,0,1,0,0,1,1,1,1,a5c39c761d06022f,0,0,0
pose_Bdelay12,1368,0,1,0,0,1,1,1,2,a5c39c761d060237,1,0,0
pose_Bdelay12,1369,0,1,0,0,0,1,0,3,c0fecafe12345678,0,0,1
pose_Bdelay12,1370,0,1,0,0,0,1,0,3,c0fecafe12345678,0,0,1
pose_Bdelay12,1371,0,1,0,0,0,1,0,3,c0fecafe12345678,0,0,1
pose_Bdelay12,1372,0,1,0,0,0,1,0,3,c0fecafe12345678,0,0,1
pose_Bdelay12,1373,0,1,0,0,0,1,0,3,c0fecafe12345678,0,0,1
pose_Bdelay12,1374,0,1,0,0,0,1,0,3,c0fecafe12345678,0,0,1
pose_Bdelay12,1375,0,1,0,0,0,1,0,3,c0fecafe12345678,0,0,1
pose_Bdelay12,1376,0,1,0,0,0,1,0,3,c0fecafe12345678,0,0,1
pose_Bdelay12,1377,0,1,0,0,0,1,0,3,c0fecafe12345678,0,0,1
pose_Bdelay12,1378,0,1,0,0,0,1,0,3,c0fecafe12345678,0,0,1
pose_Bdelay12,1379,0,1,0,0,0,1,0,3,c0fecafe12345678,0,0,1
pose_Bdelay12,1380,0,1,0,0,0,1,0,3,c0fecafe12345678,0,0,1
pose_Bdelay12,1381,0,1,0,0,0,1,0,3,c0fecafe12345678,0,1,1
W_before_AW,1397,1,0,0,0,0,1,0,0,a5c39c791d070228,0,0,0
W_before_AW,1398,0,1,0,0,0,1,0,0,a5c39c791d070228,0,0,0
W_before_AW,1399,0,1,1,0,1,1,1,0,a5c39c791d070228,0,0,0
W_before_AW,1400,0,1,1,0,1,1,1,1,a5c39c791d070220,0,0,0
W_before_AW,1401,0,1,1,0,1,1,1,2,a5c39c791d070238,0,0,0
W_before_AW,1402,0,1,1,0,1,1,1,3,a5c39c791d070230,0,0,0
W_before_AW,1403,0,1,1,0,1,1,1,4,a5c39c791d070248,0,0,0
W_before_AW,1404,0,1,1,0,1,1,1,5,a5c39c791d070240,0,0,0
W_before_AW,1405,0,1,1,0,1,1,1,6,a5c39c791d070258,0,0,0
W_before_AW,1406,0,1,1,0,1,1,1,7,a5c39c791d070250,0,0,0
W_before_AW,1407,0,1,1,0,1,1,1,8,a5c39c791d070268,0,0,0
W_before_AW,1408,0,1,1,0,1,1,1,9,a5c39c791d070260,0,0,0
W_before_AW,1409,0,1,1,0,1,1,1,10,a5c39c791d070278,0,0,0
W_before_AW,1410,0,1,1,0,1,1,1,11,a5c39c791d070270,0,0,0
W_before_AW,1411,0,1,1,0,1,1,1,12,a5c39c791d070288,0,0,0
W_before_AW,1412,0,1,1,0,1,1,1,13,a5c39c791d070280,0,0,0
W_before_AW,1413,0,1,1,0,1,1,1,14,a5c39c791d070298,0,0,0
W_before_AW,1414,0,1,1,0,1,1,1,15,a5c39c791d070290,1,0,0
W_before_AW,1415,0,1,1,0,0,0,0,16,c0fecafe12345678,0,0,0
W_before_AW,1416,0,1,1,0,0,0,0,16,c0fecafe12345678,0,0,0
W_before_AW,1417,0,1,1,0,0,0,0,16,c0fecafe12345678,0,0,0
W_before_AW,1418,0,1,1,0,0,0,0,16,c0fecafe12345678,0,0,0
W_before_AW,1419,0,1,1,0,0,0,0,16,c0fecafe12345678,0,0,0
W_before_AW,1420,0,1,1,0,0,0,0,16,c0fecafe12345678,0,0,0
W_before_AW,1421,0,1,1,0,0,0,0,16,c0fecafe12345678,0,0,0
W_before_AW,1422,0,1,1,0,0,0,0,16,c0fecafe12345678,0,0,0
W_before_AW,1423,0,1,1,0,0,0,0,16,c0fecafe12345678,0,0,0
W_before_AW,1424,0,1,1,0,0,0,0,16,c0fecafe12345678,0,0,0
W_before_AW,1425,0,1,1,0,0,0,0,16,c0fecafe12345678,0,0,0
W_before_AW,1426,0,1,1,0,0,0,0,16,c0fecafe12345678,0,0,0
W_before_AW,1427,0,1,1,0,0,0,0,16,c0fecafe12345678,0,0,0
W_before_AW,1428,0,1,1,0,0,0,0,16,c0fecafe12345678,0,0,0
W_before_AW,1429,0,1,1,0,0,0,0,16,c0fecafe12345678,0,0,0
W_before_AW,1430,0,1,1,0,0,0,0,16,c0fecafe12345678,0,0,0
W_before_AW,1431,0,1,1,0,0,0,0,16,c0fecafe12345678,0,0,0
W_before_AW,1432,0,1,1,0,0,0,0,16,c0fecafe12345678,0,0,0
W_before_AW,1433,0,1,1,0,0,0,0,16,c0fecafe12345678,0,0,0
W_before_AW,1434,0,1,1,0,0,0,0,16,c0fecafe12345678,0,0,0
W_before_AW,1435,0,1,1,0,0,0,0,16,c0fecafe12345678,0,0,0
W_before_AW,1436,0,1,1,0,0,0,0,16,c0fecafe12345678,0,0,0
W_before_AW,1437,0,1,1,0,0,0,0,16,c0fecafe12345678,0,0,0
W_before_AW,1438,0,1,1,0,0,0,0,16,c0fecafe12345678,0,0,0
W_before_AW,1439,0,1,1,0,0,0,0,16,c0fecafe12345678,0,0,0
W_before_AW,1440,0,1,1,0,0,0,0,16,c0fecafe12345678,0,0,0
W_before_AW,1441,0,1,1,0,0,0,0,16,c0fecafe12345678,0,0,0
W_before_AW,1442,0,1,1,0,0,0,0,16,c0fecafe12345678,0,0,0
W_before_AW,1443,0,1,1,0,0,0,0,16,c0fecafe12345678,0,0,0
W_before_AW,1444,0,1,1,0,0,0,0,16,c0fecafe12345678,0,0,0
W_before_AW,1445,0,1,1,0,0,0,0,16,c0fecafe12345678,0,0,0
W_before_AW,1446,0,1,1,0,0,0,0,16,c0fecafe12345678,0,0,0
W_before_AW,1447,0,1,1,0,0,0,0,16,c0fecafe12345678,0,0,0
W_before_AW,1448,0,1,1,0,0,0,0,16,c0fecafe12345678,0,0,0
W_before_AW,1449,0,1,1,0,0,0,0,16,c0fecafe12345678,0,0,0
W_before_AW,1450,0,1,1,0,0,0,0,16,c0fecafe12345678,0,0,0
W_before_AW,1451,0,1,1,0,0,0,0,16,c0fecafe12345678,0,0,0
W_before_AW,1452,0,1,1,0,0,0,0,16,c0fecafe12345678,0,0,0
W_before_AW,1453,0,1,1,0,0,0,0,16,c0fecafe12345678,0,0,0
W_before_AW,1454,0,1,1,0,0,0,0,16,c0fecafe12345678,0,0,0
W_before_AW,1455,0,1,1,0,0,0,0,16,c0fecafe12345678,0,0,0
W_before_AW,1456,0,1,1,0,0,0,0,16,c0fecafe12345678,0,0,0
W_before_AW,1457,0,1,1,0,0,0,0,16,c0fecafe12345678,0,0,0
W_before_AW,1458,0,1,1,0,0,0,0,16,c0fecafe12345678,0,0,0
W_before_AW,1459,0,1,1,0,0,0,0,16,c0fecafe12345678,0,0,0
W_before_AW,1460,0,1,1,1,0,0,0,16,c0fecafe12345678,0,0,0
W_before_AW,1461,0,1,0,0,0,0,0,16,c0fecafe12345678,0,1,1
AW_before_W,1490,1,0,0,1,0,0,0,0,a5c39c781d080229,0,0,0
AW_before_W,1491,0,1,0,1,0,0,0,0,a5c39c781d080229,0,0,0
AW_before_W,1492,0,1,1,1,1,0,0,0,a5c39c781d080229,0,0,0
AW_before_W,1493,0,1,0,0,1,0,0,0,a5c39c781d080229,0,0,0
AW_before_W,1494,0,1,0,0,1,0,0,0,a5c39c781d080229,0,0,0
AW_before_W,1495,0,1,0,0,1,0,0,0,a5c39c781d080229,0,0,0
AW_before_W,1496,0,1,0,0,1,0,0,0,a5c39c781d080229,0,0,0
AW_before_W,1497,0,1,0,0,1,0,0,0,a5c39c781d080229,0,0,0
AW_before_W,1498,0,1,0,0,1,0,0,0,a5c39c781d080229,0,0,0
AW_before_W,1499,0,1,0,0,1,0,0,0,a5c39c781d080229,0,0,0
AW_before_W,1500,0,1,0,0,1,0,0,0,a5c39c781d080229,0,0,0
AW_before_W,1501,0,1,0,0,1,0,0,0,a5c39c781d080229,0,0,0
AW_before_W,1502,0,1,0,0,1,0,0,0,a5c39c781d080229,0,0,0
AW_before_W,1503,0,1,0,0,1,0,0,0,a5c39c781d080229,0,0,0
AW_before_W,1504,0,1,0,0,1,0,0,0,a5c39c781d080229,0,0,0
AW_before_W,1505,0,1,0,0,1,0,0,0,a5c39c781d080229,0,0,0
AW_before_W,1506,0,1,0,0,1,0,0,0,a5c39c781d080229,0,0,0
AW_before_W,1507,0,1,0,0,1,0,0,0,a5c39c781d080229,0,0,0
AW_before_W,1508,0,1,0,0,1,0,0,0,a5c39c781d080229,0,0,0
AW_before_W,1509,0,1,0,0,1,0,0,0,a5c39c781d080229,0,0,0
AW_before_W,1510,0,1,0,0,1,0,0,0,a5c39c781d080229,0,0,0
AW_before_W,1511,0,1,0,0,1,0,0,0,a5c39c781d080229,0,0,0
AW_before_W,1512,0,1,0,0,1,0,0,0,a5c39c781d080229,0,0,0
AW_before_W,1513,0,1,0,0,1,0,0,0,a5c39c781d080229,0,0,0
AW_before_W,1514,0,1,0,0,1,0,0,0,a5c39c781d080229,0,0,0
AW_before_W,1515,0,1,0,0,1,0,0,0,a5c39c781d080229,0,0,0
AW_before_W,1516,0,1,0,0,1,0,0,0,a5c39c781d080229,0,0,0
AW_before_W,1517,0,1,0,0,1,0,0,0,a5c39c781d080229,0,0,0
AW_before_W,1518,0,1,0,0,1,0,0,0,a5c39c781d080229,0,0,0
AW_before_W,1519,0,1,0,0,1,0,0,0,a5c39c781d080229,0,0,0
AW_before_W,1520,0,1,0,0,1,0,0,0,a5c39c781d080229,0,0,0
AW_before_W,1521,0,1,0,0,1,0,0,0,a5c39c781d080229,0,0,0
AW_before_W,1522,0,1,0,0,1,0,0,0,a5c39c781d080229,0,0,0
AW_before_W,1523,0,1,0,0,1,0,0,0,a5c39c781d080229,0,0,0
AW_before_W,1524,0,1,0,0,1,0,0,0,a5c39c781d080229,0,0,0
AW_before_W,1525,0,1,0,0,1,0,0,0,a5c39c781d080229,0,0,0
AW_before_W,1526,0,1,0,0,1,0,0,0,a5c39c781d080229,0,0,0
AW_before_W,1527,0,1,0,0,1,0,0,0,a5c39c781d080229,0,0,0
AW_before_W,1528,0,1,0,0,1,0,0,0,a5c39c781d080229,0,0,0
AW_before_W,1529,0,1,0,0,1,0,0,0,a5c39c781d080229,0,0,0
AW_before_W,1530,0,1,0,0,1,0,0,0,a5c39c781d080229,0,0,0
AW_before_W,1531,0,1,0,0,1,0,0,0,a5c39c781d080229,0,0,0
AW_before_W,1532,0,1,0,0,1,0,0,0,a5c39c781d080229,0,0,0
AW_before_W,1533,0,1,0,0,1,0,0,0,a5c39c781d080229,0,0,0
AW_before_W,1534,0,1,0,0,1,0,0,0,a5c39c781d080229,0,0,0
AW_before_W,1535,0,1,0,0,1,0,0,0,a5c39c781d080229,0,0,0
AW_before_W,1536,0,1,0,0,1,0,0,0,a5c39c781d080229,0,0,0
AW_before_W,1537,0,1,0,0,1,0,0,0,a5c39c781d080229,0,0,0
AW_before_W,1538,0,1,0,0,1,0,0,0,a5c39c781d080229,0,0,0
AW_before_W,1539,0,1,0,0,1,0,0,0,a5c39c781d080229,0,0,0
AW_before_W,1540,0,1,0,0,1,0,0,0,a5c39c781d080229,0,0,0
AW_before_W,1541,0,1,0,0,1,0,0,0,a5c39c781d080229,0,0,0
AW_before_W,1542,0,1,0,0,1,0,0,0,a5c39c781d080229,0,0,0
AW_before_W,1543,0,1,0,0,1,0,0,0,a5c39c781d080229,0,0,0
AW_before_W,1544,0,1,0,0,1,0,0,0,a5c39c781d080229,0,0,0
AW_before_W,1545,0,1,0,0,1,0,0,0,a5c39c781d080229,0,0,0
AW_before_W,1546,0,1,0,0,1,0,0,0,a5c39c781d080229,0,0,0
AW_before_W,1547,0,1,0,0,1,0,0,0,a5c39c781d080229,0,0,0
AW_before_W,1548,0,1,0,0,1,0,0,0,a5c39c781d080229,0,0,0
AW_before_W,1549,0,1,0,0,1,0,0,0,a5c39c781d080229,0,0,0
AW_before_W,1550,0,1,0,0,1,0,0,0,a5c39c781d080229,0,0,0
AW_before_W,1551,0,1,0,0,1,0,0,0,a5c39c781d080229,0,0,0
AW_before_W,1552,0,1,0,0,1,0,0,0,a5c39c781d080229,0,0,0
AW_before_W,1553,0,1,0,0,1,1,1,0,a5c39c781d080229,0,0,0
AW_before_W,1554,0,1,0,0,1,0,0,1,a5c39c781d080221,0,0,0
AW_before_W,1555,0,1,0,0,1,0,0,1,a5c39c781d080221,0,0,0
AW_before_W,1556,0,1,0,0,1,0,0,1,a5c39c781d080221,0,0,0
AW_before_W,1557,0,1,0,0,1,0,0,1,a5c39c781d080221,0,0,0
AW_before_W,1558,0,1,0,0,1,0,0,1,a5c39c781d080221,0,0,0
AW_before_W,1559,0,1,0,0,1,0,0,1,a5c39c781d080221,0,0,0
AW_before_W,1560,0,1,0,0,1,0,0,1,a5c39c781d080221,0,0,0
AW_before_W,1561,0,1,0,0,1,0,0,1,a5c39c781d080221,0,0,0
AW_before_W,1562,0,1,0,0,1,0,0,1,a5c39c781d080221,0,0,0
AW_before_W,1563,0,1,0,0,1,0,0,1,a5c39c781d080221,0,0,0
AW_before_W,1564,0,1,0,0,1,0,0,1,a5c39c781d080221,0,0,0
AW_before_W,1565,0,1,0,0,1,0,0,1,a5c39c781d080221,0,0,0
AW_before_W,1566,0,1,0,0,1,0,0,1,a5c39c781d080221,0,0,0
AW_before_W,1567,0,1,0,0,1,0,0,1,a5c39c781d080221,0,0,0
AW_before_W,1568,0,1,0,0,1,0,0,1,a5c39c781d080221,0,0,0
AW_before_W,1569,0,1,0,0,1,0,0,1,a5c39c781d080221,0,0,0
AW_before_W,1570,0,1,0,0,1,0,0,1,a5c39c781d080221,0,0,0
AW_before_W,1571,0,1,0,0,1,0,0,1,a5c39c781d080221,0,0,0
AW_before_W,1572,0,1,0,0,1,0,0,1,a5c39c781d080221,0,0,0
AW_before_W,1573,0,1,0,0,1,0,0,1,a5c39c781d080221,0,0,0
AW_before_W,1574,0,1,0,0,1,0,0,1,a5c39c781d080221,0,0,0
AW_before_W,1575,0,1,0,0,1,0,0,1,a5c39c781d080221,0,0,0
AW_before_W,1576,0,1,0,0,1,0,0,1,a5c39c781d080221,0,0,0
AW_before_W,1577,0,1,0,0,1,0,0,1,a5c39c781d080221,0,0,0
AW_before_W,1578,0,1,0,0,1,0,0,1,a5c39c781d080221,0,0,0
AW_before_W,1579,0,1,0,0,1,0,0,1,a5c39c781d080221,0,0,0
AW_before_W,1580,0,1,0,0,1,0,0,1,a5c39c781d080221,0,0,0
AW_before_W,1581,0,1,0,0,1,0,0,1,a5c39c781d080221,0,0,0
AW_before_W,1582,0,1,0,0,1,0,0,1,a5c39c781d080221,0,0,0
AW_before_W,1583,0,1,0,0,1,0,0,1,a5c39c781d080221,0,0,0
AW_before_W,1584,0,1,0,0,1,0,0,1,a5c39c781d080221,0,0,0
AW_before_W,1585,0,1,0,0,1,0,0,1,a5c39c781d080221,0,0,0
AW_before_W,1586,0,1,0,0,1,0,0,1,a5c39c781d080221,0,0,0
AW_before_W,1587,0,1,0,0,1,0,0,1,a5c39c781d080221,0,0,0
AW_before_W,1588,0,1,0,0,1,0,0,1,a5c39c781d080221,0,0,0
AW_before_W,1589,0,1,0,0,1,0,0,1,a5c39c781d080221,0,0,0
AW_before_W,1590,0,1,0,0,1,0,0,1,a5c39c781d080221,0,0,0
AW_before_W,1591,0,1,0,0,1,0,0,1,a5c39c781d080221,0,0,0
AW_before_W,1592,0,1,0,0,1,0,0,1,a5c39c781d080221,0,0,0
AW_before_W,1593,0,1,0,0,1,0,0,1,a5c39c781d080221,0,0,0
AW_before_W,1594,0,1,0,0,1,0,0,1,a5c39c781d080221,0,0,0
AW_before_W,1595,0,1,0,0,1,0,0,1,a5c39c781d080221,0,0,0
AW_before_W,1596,0,1,0,0,1,0,0,1,a5c39c781d080221,0,0,0
AW_before_W,1597,0,1,0,0,1,0,0,1,a5c39c781d080221,0,0,0
AW_before_W,1598,0,1,0,0,1,0,0,1,a5c39c781d080221,0,0,0
AW_before_W,1599,0,1,0,0,1,0,0,1,a5c39c781d080221,0,0,0
AW_before_W,1600,0,1,0,0,1,0,0,1,a5c39c781d080221,0,0,0
AW_before_W,1601,0,1,0,0,1,0,0,1,a5c39c781d080221,0,0,0
AW_before_W,1602,0,1,0,0,1,0,0,1,a5c39c781d080221,0,0,0
AW_before_W,1603,0,1,0,0,1,0,0,1,a5c39c781d080221,0,0,0
AW_before_W,1604,0,1,0,0,1,0,0,1,a5c39c781d080221,0,0,0
AW_before_W,1605,0,1,0,0,1,0,0,1,a5c39c781d080221,0,0,0
AW_before_W,1606,0,1,0,0,1,0,0,1,a5c39c781d080221,0,0,0
AW_before_W,1607,0,1,0,0,1,0,0,1,a5c39c781d080221,0,0,0
AW_before_W,1608,0,1,0,0,1,0,0,1,a5c39c781d080221,0,0,0
AW_before_W,1609,0,1,0,0,1,0,0,1,a5c39c781d080221,0,0,0
AW_before_W,1610,0,1,0,0,1,0,0,1,a5c39c781d080221,0,0,0
AW_before_W,1611,0,1,0,0,1,0,0,1,a5c39c781d080221,0,0,0
AW_before_W,1612,0,1,0,0,1,0,0,1,a5c39c781d080221,0,0,0
AW_before_W,1613,0,1,0,0,1,0,0,1,a5c39c781d080221,0,0,0
AW_before_W,1614,0,1,0,0,1,0,0,1,a5c39c781d080221,0,0,0
AW_before_W,1615,0,1,0,0,1,0,0,1,a5c39c781d080221,0,0,0
AW_before_W,1616,0,1,0,0,1,0,0,1,a5c39c781d080221,0,0,0
AW_before_W,1617,0,1,0,0,1,1,1,1,a5c39c781d080221,0,0,0
AW_before_W,1618,0,1,0,0,1,0,0,2,a5c39c781d080239,1,0,0
AW_before_W,1619,0,1,0,0,1,0,0,2,a5c39c781d080239,1,0,0
AW_before_W,1620,0,1,0,0,1,0,0,2,a5c39c781d080239,1,0,0
AW_before_W,1621,0,1,0,0,1,0,0,2,a5c39c781d080239,1,0,0
AW_before_W,1622,0,1,0,0,1,0,0,2,a5c39c781d080239,1,0,0
AW_before_W,1623,0,1,0,0,1,0,0,2,a5c39c781d080239,1,0,0
AW_before_W,1624,0,1,0,0,1,0,0,2,a5c39c781d080239,1,0,0
AW_before_W,1625,0,1,0,0,1,0,0,2,a5c39c781d080239,1,0,0
AW_before_W,1626,0,1,0,0,1,0,0,2,a5c39c781d080239,1,0,0
AW_before_W,1627,0,1,0,0,1,0,0,2,a5c39c781d080239,1,0,0
AW_before_W,1628,0,1,0,0,1,0,0,2,a5c39c781d080239,1,0,0
AW_before_W,1629,0,1,0,0,1,0,0,2,a5c39c781d080239,1,0,0
AW_before_W,1630,0,1,0,0,1,0,0,2,a5c39c781d080239,1,0,0
AW_before_W,1631,0,1,0,0,1,0,0,2,a5c39c781d080239,1,0,0
AW_before_W,1632,0,1,0,0,1,0,0,2,a5c39c781d080239,1,0,0
AW_before_W,1633,0,1,0,0,1,0,0,2,a5c39c781d080239,1,0,0
AW_before_W,1634,0,1,0,0,1,0,0,2,a5c39c781d080239,1,0,0
AW_before_W,1635,0,1,0,0,1,0,0,2,a5c39c781d080239,1,0,0
AW_before_W,1636,0,1,0,0,1,0,0,2,a5c39c781d080239,1,0,0
AW_before_W,1637,0,1,0,0,1,0,0,2,a5c39c781d080239,1,0,0
AW_before_W,1638,0,1,0,0,1,0,0,2,a5c39c781d080239,1,0,0
AW_before_W,1639,0,1,0,0,1,0,0,2,a5c39c781d080239,1,0,0
AW_before_W,1640,0,1,0,0,1,0,0,2,a5c39c781d080239,1,0,0
AW_before_W,1641,0,1,0,0,1,0,0,2,a5c39c781d080239,1,0,0
AW_before_W,1642,0,1,0,0,1,0,0,2,a5c39c781d080239,1,0,0
AW_before_W,1643,0,1,0,0,1,0,0,2,a5c39c781d080239,1,0,0
AW_before_W,1644,0,1,0,0,1,0,0,2,a5c39c781d080239,1,0,0
AW_before_W,1645,0,1,0,0,1,0,0,2,a5c39c781d080239,1,0,0
AW_before_W,1646,0,1,0,0,1,0,0,2,a5c39c781d080239,1,0,0
AW_before_W,1647,0,1,0,0,1,0,0,2,a5c39c781d080239,1,0,0
AW_before_W,1648,0,1,0,0,1,0,0,2,a5c39c781d080239,1,0,0
AW_before_W,1649,0,1,0,0,1,0,0,2,a5c39c781d080239,1,0,0
AW_before_W,1650,0,1,0,0,1,0,0,2,a5c39c781d080239,1,0,0
AW_before_W,1651,0,1,0,0,1,0,0,2,a5c39c781d080239,1,0,0
AW_before_W,1652,0,1,0,0,1,0,0,2,a5c39c781d080239,1,0,0
AW_before_W,1653,0,1,0,0,1,0,0,2,a5c39c781d080239,1,0,0
AW_before_W,1654,0,1,0,0,1,0,0,2,a5c39c781d080239,1,0,0
AW_before_W,1655,0,1,0,0,1,0,0,2,a5c39c781d080239,1,0,0
AW_before_W,1656,0,1,0,0,1,0,0,2,a5c39c781d080239,1,0,0
AW_before_W,1657,0,1,0,0,1,0,0,2,a5c39c781d080239,1,0,0
AW_before_W,1658,0,1,0,0,1,0,0,2,a5c39c781d080239,1,0,0
AW_before_W,1659,0,1,0,0,1,0,0,2,a5c39c781d080239,1,0,0
AW_before_W,1660,0,1,0,0,1,0,0,2,a5c39c781d080239,1,0,0
AW_before_W,1661,0,1,0,0,1,0,0,2,a5c39c781d080239,1,0,0
AW_before_W,1662,0,1,0,0,1,0,0,2,a5c39c781d080239,1,0,0
AW_before_W,1663,0,1,0,0,1,0,0,2,a5c39c781d080239,1,0,0
AW_before_W,1664,0,1,0,0,1,0,0,2,a5c39c781d080239,1,0,0
AW_before_W,1665,0,1,0,0,1,0,0,2,a5c39c781d080239,1,0,0
AW_before_W,1666,0,1,0,0,1,0,0,2,a5c39c781d080239,1,0,0
AW_before_W,1667,0,1,0,0,1,0,0,2,a5c39c781d080239,1,0,0
AW_before_W,1668,0,1,0,0,1,0,0,2,a5c39c781d080239,1,0,0
AW_before_W,1669,0,1,0,0,1,0,0,2,a5c39c781d080239,1,0,0
AW_before_W,1670,0,1,0,0,1,0,0,2,a5c39c781d080239,1,0,0
AW_before_W,1671,0,1,0,0,1,0,0,2,a5c39c781d080239,1,0,0
AW_before_W,1672,0,1,0,0,1,0,0,2,a5c39c781d080239,1,0,0
AW_before_W,1673,0,1,0,0,1,0,0,2,a5c39c781d080239,1,0,0
AW_before_W,1674,0,1,0,0,1,0,0,2,a5c39c781d080239,1,0,0
AW_before_W,1675,0,1,0,0,1,0,0,2,a5c39c781d080239,1,0,0
AW_before_W,1676,0,1,0,0,1,0,0,2,a5c39c781d080239,1,0,0
AW_before_W,1677,0,1,0,0,1,0,0,2,a5c39c781d080239,1,0,0
AW_before_W,1678,0,1,0,0,1,0,0,2,a5c39c781d080239,1,0,0
AW_before_W,1679,0,1,0,0,1,0,0,2,a5c39c781d080239,1,0,0
AW_before_W,1680,0,1,0,0,1,0,0,2,a5c39c781d080239,1,0,0
AW_before_W,1681,0,1,0,0,1,1,1,2,a5c39c781d080239,1,0,0
AW_before_W,1682,0,1,0,0,0,0,0,3,c0fecafe12345678,0,1,1
W_periodic,1698,1,0,0,1,0,0,0,0,a5c39c7b1d09022a,0,0,0
W_periodic,1699,0,1,0,1,0,0,0,0,a5c39c7b1d09022a,0,0,0
W_periodic,1700,0,1,1,1,1,1,1,0,a5c39c7b1d09022a,0,0,0
W_periodic,1701,0,1,0,0,1,0,0,1,a5c39c7b1d090222,0,0,0
W_periodic,1702,0,1,0,0,1,0,0,1,a5c39c7b1d090222,0,0,0
W_periodic,1703,0,1,0,0,1,1,1,1,a5c39c7b1d090222,0,0,0
W_periodic,1704,0,1,0,0,1,0,0,2,a5c39c7b1d09023a,0,0,0
W_periodic,1705,0,1,0,0,1,0,0,2,a5c39c7b1d09023a,0,0,0
W_periodic,1706,0,1,0,0,1,1,1,2,a5c39c7b1d09023a,0,0,0
W_periodic,1707,0,1,0,0,1,0,0,3,a5c39c7b1d090232,0,0,0
W_periodic,1708,0,1,0,0,1,0,0,3,a5c39c7b1d090232,0,0,0
W_periodic,1709,0,1,0,0,1,1,1,3,a5c39c7b1d090232,0,0,0
W_periodic,1710,0,1,0,0,1,0,0,4,a5c39c7b1d09024a,0,0,0
W_periodic,1711,0,1,0,0,1,0,0,4,a5c39c7b1d09024a,0,0,0
W_periodic,1712,0,1,0,0,1,1,1,4,a5c39c7b1d09024a,0,0,0
W_periodic,1713,0,1,0,0,1,0,0,5,a5c39c7b1d090242,0,0,0
W_periodic,1714,0,1,0,0,1,0,0,5,a5c39c7b1d090242,0,0,0
W_periodic,1715,0,1,0,0,1,1,1,5,a5c39c7b1d090242,0,0,0
W_periodic,1716,0,1,0,0,1,0,0,6,a5c39c7b1d09025a,0,0,0
W_periodic,1717,0,1,0,0,1,0,0,6,a5c39c7b1d09025a,0,0,0
W_periodic,1718,0,1,0,0,1,1,1,6,a5c39c7b1d09025a,0,0,0
W_periodic,1719,0,1,0,0,1,0,0,7,a5c39c7b1d090252,0,0,0
W_periodic,1720,0,1,0,0,1,0,0,7,a5c39c7b1d090252,0,0,0
W_periodic,1721,0,1,0,0,1,1,1,7,a5c39c7b1d090252,0,0,0
W_periodic,1722,0,1,0,0,1,0,0,8,a5c39c7b1d09026a,0,0,0
W_periodic,1723,0,1,0,0,1,0,0,8,a5c39c7b1d09026a,0,0,0
W_periodic,1724,0,1,0,0,1,1,1,8,a5c39c7b1d09026a,0,0,0
W_periodic,1725,0,1,0,0,1,0,0,9,a5c39c7b1d090262,0,0,0
W_periodic,1726,0,1,0,0,1,0,0,9,a5c39c7b1d090262,0,0,0
W_periodic,1727,0,1,0,0,1,1,1,9,a5c39c7b1d090262,0,0,0
W_periodic,1728,0,1,0,0,1,0,0,10,a5c39c7b1d09027a,0,0,0
W_periodic,1729,0,1,0,0,1,0,0,10,a5c39c7b1d09027a,0,0,0
W_periodic,1730,0,1,0,0,1,1,1,10,a5c39c7b1d09027a,0,0,0
W_periodic,1731,0,1,0,0,1,0,0,11,a5c39c7b1d090272,0,0,0
W_periodic,1732,0,1,0,0,1,0,0,11,a5c39c7b1d090272,0,0,0
W_periodic,1733,0,1,0,0,1,1,1,11,a5c39c7b1d090272,0,0,0
W_periodic,1734,0,1,0,0,1,0,0,12,a5c39c7b1d09028a,0,0,0
W_periodic,1735,0,1,0,0,1,0,0,12,a5c39c7b1d09028a,0,0,0
W_periodic,1736,0,1,0,0,1,1,1,12,a5c39c7b1d09028a,0,0,0
W_periodic,1737,0,1,0,0,1,0,0,13,a5c39c7b1d090282,0,0,0
W_periodic,1738,0,1,0,0,1,0,0,13,a5c39c7b1d090282,0,0,0
W_periodic,1739,0,1,0,0,1,1,1,13,a5c39c7b1d090282,0,0,0
W_periodic,1740,0,1,0,0,1,0,0,14,a5c39c7b1d09029a,0,0,0
W_periodic,1741,0,1,0,0,1,0,0,14,a5c39c7b1d09029a,0,0,0
W_periodic,1742,0,1,0,0,1,1,1,14,a5c39c7b1d09029a,0,0,0
W_periodic,1743,0,1,0,0,1,0,0,15,a5c39c7b1d090292,1,0,0
W_periodic,1744,0,1,0,0,1,0,0,15,a5c39c7b1d090292,1,0,0
W_periodic,1745,0,1,0,0,1,1,1,15,a5c39c7b1d090292,1,0,0
W_periodic,1746,0,1,0,0,0,0,0,16,a5c39c7b1d0902aa,0,1,1
W_periodic,1747,0,1,0,1,0,0,0,16,a5c39c7b1d0902aa,0,0,0
W_periodic,1748,0,1,1,1,1,1,1,16,a5c39c7b1d0902aa,1,0,0
W_periodic,1749,0,1,0,0,0,0,0,17,c0fecafe12345678,0,1,1
W_random,1781,1,0,0,1,0,1,0,0,a5c39c7a1d0a022b,0,0,0
W_random,1782,0,1,0,1,0,1,0,0,a5c39c7a1d0a022b,0,0,0
W_random,1783,0,1,1,1,1,1,1,0,a5c39c7a1d0a022b,0,0,0
W_random,1784,0,1,0,0,1,1,1,1,a5c39c7a1d0a0223,0,0,0
W_random,1785,0,1,0,0,1,0,0,2,a5c39c7a1d0a023b,0,0,0
W_random,1786,0,1,0,0,1,0,0,2,a5c39c7a1d0a023b,0,0,0
W_random,1787,0,1,0,0,1,1,1,2,a5c39c7a1d0a023b,0,0,0
W_random,1788,0,1,0,0,1,1,1,3,a5c39c7a1d0a0233,0,0,0
W_random,1789,0,1,0,0,1,1,1,4,a5c39c7a1d0a024b,0,0,0
W_random,1790,0,1,0,0,1,1,1,5,a5c39c7a1d0a0243,0,0,0
W_random,1791,0,1,0,0,1,0,0,6,a5c39c7a1d0a025b,0,0,0
W_random,1792,0,1,0,0,1,0,0,6,a5c39c7a1d0a025b,0,0,0
W_random,1793,0,1,0,0,1,0,0,6,a5c39c7a1d0a025b,0,0,0
W_random,1794,0,1,0,0,1,0,0,6,a5c39c7a1d0a025b,0,0,0
W_random,1795,0,1,0,0,1,0,0,6,a5c39c7a1d0a025b,0,0,0
W_random,1796,0,1,0,0,1,0,0,6,a5c39c7a1d0a025b,0,0,0
W_random,1797,0,1,0,0,1,0,0,6,a5c39c7a1d0a025b,0,0,0
W_random,1798,0,1,0,0,1,1,1,6,a5c39c7a1d0a025b,0,0,0
W_random,1799,0,1,0,0,1,0,0,7,a5c39c7a1d0a0253,0,0,0
W_random,1800,0,1,0,0,1,0,0,7,a5c39c7a1d0a0253,0,0,0
W_random,1801,0,1,0,0,1,0,0,7,a5c39c7a1d0a0253,0,0,0
W_random,1802,0,1,0,0,1,1,1,7,a5c39c7a1d0a0253,0,0,0
W_random,1803,0,1,0,0,1,1,1,8,a5c39c7a1d0a026b,0,0,0
W_random,1804,0,1,0,0,1,0,0,9,a5c39c7a1d0a0263,0,0,0
W_random,1805,0,1,0,0,1,1,1,9,a5c39c7a1d0a0263,0,0,0
W_random,1806,0,1,0,0,1,0,0,10,a5c39c7a1d0a027b,0,0,0
W_random,1807,0,1,0,0,1,0,0,10,a5c39c7a1d0a027b,0,0,0
W_random,1808,0,1,0,0,1,1,1,10,a5c39c7a1d0a027b,0,0,0
W_random,1809,0,1,0,0,1,1,1,11,a5c39c7a1d0a0273,0,0,0
W_random,1810,0,1,0,0,1,1,1,12,a5c39c7a1d0a028b,0,0,0
W_random,1811,0,1,0,0,1,1,1,13,a5c39c7a1d0a0283,0,0,0
W_random,1812,0,1,0,0,1,0,0,14,a5c39c7a1d0a029b,0,0,0
W_random,1813,0,1,0,0,1,1,1,14,a5c39c7a1d0a029b,0,0,0
W_random,1814,0,1,0,0,1,0,0,15,a5c39c7a1d0a0293,1,0,0
W_random,1815,0,1,0,0,1,1,1,15,a5c39c7a1d0a0293,1,0,0
W_random,1816,0,1,0,0,0,0,0,16,a5c39c7a1d0a02ab,0,1,1
W_random,1817,0,1,0,1,0,0,0,16,a5c39c7a1d0a02ab,0,0,0
W_random,1818,0,1,1,1,1,0,0,16,a5c39c7a1d0a02ab,0,0,0
W_random,1819,0,1,0,0,1,0,0,16,a5c39c7a1d0a02ab,0,0,0
W_random,1820,0,1,0,0,1,0,0,16,a5c39c7a1d0a02ab,0,0,0
W_random,1821,0,1,0,0,1,0,0,16,a5c39c7a1d0a02ab,0,0,0
W_random,1822,0,1,0,0,1,0,0,16,a5c39c7a1d0a02ab,0,0,0
W_random,1823,0,1,0,0,1,1,1,16,a5c39c7a1d0a02ab,0,0,0
W_random,1824,0,1,0,0,1,1,1,17,a5c39c7a1d0a02a3,0,0,0
W_random,1825,0,1,0,0,1,1,1,18,a5c39c7a1d0a02bb,0,0,0
W_random,1826,0,1,0,0,1,0,0,19,a5c39c7a1d0a02b3,0,0,0
W_random,1827,0,1,0,0,1,0,0,19,a5c39c7a1d0a02b3,0,0,0
W_random,1828,0,1,0,0,1,1,1,19,a5c39c7a1d0a02b3,0,0,0
W_random,1829,0,1,0,0,1,0,0,20,a5c39c7a1d0a02cb,0,0,0
W_random,1830,0,1,0,0,1,0,0,20,a5c39c7a1d0a02cb,0,0,0
W_random,1831,0,1,0,0,1,0,0,20,a5c39c7a1d0a02cb,0,0,0
W_random,1832,0,1,0,0,1,1,1,20,a5c39c7a1d0a02cb,0,0,0
W_random,1833,0,1,0,0,1,0,0,21,a5c39c7a1d0a02c3,0,0,0
W_random,1834,0,1,0,0,1,1,1,21,a5c39c7a1d0a02c3,0,0,0
W_random,1835,0,1,0,0,1,1,1,22,a5c39c7a1d0a02db,0,0,0
W_random,1836,0,1,0,0,1,1,1,23,a5c39c7a1d0a02d3,0,0,0
W_random,1837,0,1,0,0,1,1,1,24,a5c39c7a1d0a02eb,0,0,0
W_random,1838,0,1,0,0,1,0,0,25,a5c39c7a1d0a02e3,0,0,0
W_random,1839,0,1,0,0,1,0,0,25,a5c39c7a1d0a02e3,0,0,0
W_random,1840,0,1,0,0,1,1,1,25,a5c39c7a1d0a02e3,0,0,0
W_random,1841,0,1,0,0,1,1,1,26,a5c39c7a1d0a02fb,0,0,0
W_random,1842,0,1,0,0,1,0,0,27,a5c39c7a1d0a02f3,0,0,0
W_random,1843,0,1,0,0,1,1,1,27,a5c39c7a1d0a02f3,0,0,0
W_random,1844,0,1,0,0,1,1,1,28,a5c39c7a1d0a030b,0,0,0
W_random,1845,0,1,0,0,1,0,0,29,a5c39c7a1d0a0303,0,0,0
W_random,1846,0,1,0,0,1,1,1,29,a5c39c7a1d0a0303,0,0,0
W_random,1847,0,1,0,0,1,0,0,30,a5c39c7a1d0a031b,0,0,0
W_random,1848,0,1,0,0,1,1,1,30,a5c39c7a1d0a031b,0,0,0
W_random,1849,0,1,0,0,1,1,1,31,a5c39c7a1d0a0313,1,0,0
W_random,1850,0,1,0,0,0,0,0,32,a5c39c7a1d0a032b,0,1,1
W_random,1851,0,1,0,1,0,0,0,32,a5c39c7a1d0a032b,0,0,0
W_random,1852,0,1,1,1,1,1,1,32,a5c39c7a1d0a032b,0,0,0
W_random,1853,0,1,0,0,1,0,0,33,a5c39c7a1d0a0323,0,0,0
W_random,1854,0,1,0,0,1,0,0,33,a5c39c7a1d0a0323,0,0,0
W_random,1855,0,1,0,0,1,1,1,33,a5c39c7a1d0a0323,0,0,0
W_random,1856,0,1,0,0,1,0,0,34,a5c39c7a1d0a033b,0,0,0
W_random,1857,0,1,0,0,1,0,0,34,a5c39c7a1d0a033b,0,0,0
W_random,1858,0,1,0,0,1,1,1,34,a5c39c7a1d0a033b,0,0,0
W_random,1859,0,1,0,0,1,1,1,35,a5c39c7a1d0a0333,0,0,0
W_random,1860,0,1,0,0,1,1,1,36,a5c39c7a1d0a034b,0,0,0
W_random,1861,0,1,0,0,1,1,1,37,a5c39c7a1d0a0343,0,0,0
W_random,1862,0,1,0,0,1,1,1,38,a5c39c7a1d0a035b,0,0,0
W_random,1863,0,1,0,0,1,1,1,39,a5c39c7a1d0a0353,0,0,0
W_random,1864,0,1,0,0,1,0,0,40,a5c39c7a1d0a036b,0,0,0
W_random,1865,0,1,0,0,1,1,1,40,a5c39c7a1d0a036b,0,0,0
W_random,1866,0,1,0,0,1,1,1,41,a5c39c7a1d0a0363,0,0,0
W_random,1867,0,1,0,0,1,1,1,42,a5c39c7a1d0a037b,0,0,0
W_random,1868,0,1,0,0,1,1,1,43,a5c39c7a1d0a0373,0,0,0
W_random,1869,0,1,0,0,1,0,0,44,a5c39c7a1d0a038b,0,0,0
W_random,1870,0,1,0,0,1,1,1,44,a5c39c7a1d0a038b,0,0,0
W_random,1871,0,1,0,0,1,0,0,45,a5c39c7a1d0a0383,0,0,0
W_random,1872,0,1,0,0,1,0,0,45,a5c39c7a1d0a0383,0,0,0
W_random,1873,0,1,0,0,1,0,0,45,a5c39c7a1d0a0383,0,0,0
W_random,1874,0,1,0,0,1,0,0,45,a5c39c7a1d0a0383,0,0,0
W_random,1875,0,1,0,0,1,0,0,45,a5c39c7a1d0a0383,0,0,0
W_random,1876,0,1,0,0,1,0,0,45,a5c39c7a1d0a0383,0,0,0
W_random,1877,0,1,0,0,1,0,0,45,a5c39c7a1d0a0383,0,0,0
W_random,1878,0,1,0,0,1,1,1,45,a5c39c7a1d0a0383,0,0,0
W_random,1879,0,1,0,0,1,0,0,46,a5c39c7a1d0a039b,0,0,0
W_random,1880,0,1,0,0,1,1,1,46,a5c39c7a1d0a039b,0,0,0
W_random,1881,0,1,0,0,1,0,0,47,a5c39c7a1d0a0393,1,0,0
W_random,1882,0,1,0,0,1,0,0,47,a5c39c7a1d0a0393,1,0,0
W_random,1883,0,1,0,0,1,1,1,47,a5c39c7a1d0a0393,1,0,0
W_random,1884,0,1,0,0,0,0,0,48,a5c39c7a1d0a03ab,0,1,1
W_random,1885,0,1,0,1,0,0,0,48,a5c39c7a1d0a03ab,0,0,0
W_random,1886,0,1,1,1,1,1,1,48,a5c39c7a1d0a03ab,0,0,0
W_random,1887,0,1,0,0,1,1,1,49,a5c39c7a1d0a03a3,0,0,0
W_random,1888,0,1,0,0,1,1,1,50,a5c39c7a1d0a03bb,0,0,0
W_random,1889,0,1,0,0,1,1,1,51,a5c39c7a1d0a03b3,0,0,0
W_random,1890,0,1,0,0,1,1,1,52,a5c39c7a1d0a03cb,0,0,0
W_random,1891,0,1,0,0,1,1,1,53,a5c39c7a1d0a03c3,0,0,0
W_random,1892,0,1,0,0,1,0,0,54,a5c39c7a1d0a03db,0,0,0
W_random,1893,0,1,0,0,1,1,1,54,a5c39c7a1d0a03db,0,0,0
W_random,1894,0,1,0,0,1,0,0,55,a5c39c7a1d0a03d3,0,0,0
W_random,1895,0,1,0,0,1,0,0,55,a5c39c7a1d0a03d3,0,0,0
W_random,1896,0,1,0,0,1,0,0,55,a5c39c7a1d0a03d3,0,0,0
W_random,1897,0,1,0,0,1,1,1,55,a5c39c7a1d0a03d3,0,0,0
W_random,1898,0,1,0,0,1,0,0,56,a5c39c7a1d0a03eb,0,0,0
W_random,1899,0,1,0,0,1,1,1,56,a5c39c7a1d0a03eb,0,0,0
W_random,1900,0,1,0,0,1,1,1,57,a5c39c7a1d0a03e3,0,0,0
W_random,1901,0,1,0,0,1,1,1,58,a5c39c7a1d0a03fb,0,0,0
W_random,1902,0,1,0,0,1,1,1,59,a5c39c7a1d0a03f3,0,0,0
W_random,1903,0,1,0,0,1,1,1,60,a5c39c7a1d0a000b,0,0,0
W_random,1904,0,1,0,0,1,1,1,61,a5c39c7a1d0a0003,0,0,0
W_random,1905,0,1,0,0,1,1,1,62,a5c39c7a1d0a001b,0,0,0
W_random,1906,0,1,0,0,1,0,0,63,a5c39c7a1d0a0013,1,0,0
W_random,1907,0,1,0,0,1,1,1,63,a5c39c7a1d0a0013,1,0,0
W_random,1908,0,1,0,0,0,0,0,64,c0fecafe12345678,0,1,1
