case,burst_index,address_hex,beats,end_exclusive_hex
size_8,0,1e000000,1,01e000008
size_128,0,1e000100,16,01e000180
size_136_snapshot_busy_start,0,1e000200,16,01e000280
size_136_snapshot_busy_start,1,1e000280,1,01e000288
boundary_before,0,1e001ff8,1,01e002000
boundary_before,1,1e002000,16,01e002080
boundary_exact,0,1e002000,16,01e002080
boundary_exact,1,1e002080,1,01e002088
boundary_after,0,1e002008,16,01e002088
boundary_after,1,1e002088,16,01e002108
boundary_after,2,1e002108,16,01e002188
boundary_after,3,1e002188,16,01e002208
boundary_after,4,1e002208,16,01e002288
boundary_after,5,1e002288,16,01e002308
boundary_after,6,1e002308,16,01e002388
boundary_after,7,1e002388,16,01e002408
boundary_after,8,1e002408,16,01e002488
boundary_after,9,1e002488,16,01e002508
boundary_after,10,1e002508,16,01e002588
boundary_after,11,1e002588,16,01e002608
boundary_after,12,1e002608,16,01e002688
boundary_after,13,1e002688,16,01e002708
boundary_after,14,1e002708,16,01e002788
boundary_after,15,1e002788,16,01e002808
boundary_after,16,1e002808,16,01e002888
boundary_after,17,1e002888,16,01e002908
boundary_after,18,1e002908,16,01e002988
boundary_after,19,1e002988,16,01e002a08
boundary_after,20,1e002a08,16,01e002a88
boundary_after,21,1e002a88,16,01e002b08
boundary_after,22,1e002b08,16,01e002b88
boundary_after,23,1e002b88,16,01e002c08
boundary_after,24,1e002c08,16,01e002c88
boundary_after,25,1e002c88,16,01e002d08
boundary_after,26,1e002d08,16,01e002d88
boundary_after,27,1e002d88,16,01e002e08
boundary_after,28,1e002e08,16,01e002e88
boundary_after,29,1e002e88,16,01e002f08
boundary_after,30,1e002f08,16,01e002f88
boundary_after,31,1e002f88,15,01e003000
boundary_after,32,1e003000,1,01e003008
load_part1,0,1e020000,16,01e020080
load_part1,1,1e020080,16,01e020100
load_part1,2,1e020100,16,01e020180
load_part1,3,1e020180,16,01e020200
load_part1,4,1e020200,16,01e020280
load_part1,5,1e020280,16,01e020300
load_part1,6,1e020300,16,01e020380
load_part1,7,1e020380,16,01e020400
load_part1,8,1e020400,16,01e020480
load_part1,9,1e020480,16,01e020500
load_part1,10,1e020500,16,01e020580
load_part1,11,1e020580,16,01e020600
load_part1,12,1e020600,16,01e020680
load_part1,13,1e020680,16,01e020700
load_part1,14,1e020700,16,01e020780
load_part1,15,1e020780,16,01e020800
load_part1,16,1e020800,16,01e020880
load_part1,17,1e020880,16,01e020900
load_part1,18,1e020900,16,01e020980
load_part1,19,1e020980,16,01e020a00
load_part1,20,1e020a00,16,01e020a80
load_part1,21,1e020a80,16,01e020b00
load_part1,22,1e020b00,16,01e020b80
load_part1,23,1e020b80,16,01e020c00
load_part1,24,1e020c00,16,01e020c80
load_part1,25,1e020c80,16,01e020d00
load_part1,26,1e020d00,16,01e020d80
load_part1,27,1e020d80,16,01e020e00
load_part1,28,1e020e00,16,01e020e80
load_part1,29,1e020e80,16,01e020f00
load_part1,30,1e020f00,16,01e020f80
load_part1,31,1e020f80,16,01e021000
load_part1,32,1e021000,16,01e021080
load_part1,33,1e021080,16,01e021100
load_part1,34,1e021100,16,01e021180
load_part1,35,1e021180,16,01e021200
load_part1,36,1e021200,16,01e021280
load_part1,37,1e021280,16,01e021300
load_part1,38,1e021300,16,01e021380
load_part1,39,1e021380,16,01e021400
load_part1,40,1e021400,16,01e021480
load_part1,41,1e021480,16,01e021500
load_part1,42,1e021500,16,01e021580
load_part1,43,1e021580,16,01e021600
load_part1,44,1e021600,16,01e021680
load_part1,45,1e021680,16,01e021700
load_part1,46,1e021700,6,01e021730
load_part2,0,1e081730,16,01e0817b0
load_part2,1,1e0817b0,16,01e081830
load_part2,2,1e081830,16,01e0818b0
load_part2,3,1e0818b0,16,01e081930
load_part2,4,1e081930,16,01e0819b0
load_part2,5,1e0819b0,16,01e081a30
load_part2,6,1e081a30,16,01e081ab0
load_part2,7,1e081ab0,16,01e081b30
load_part2,8,1e081b30,16,01e081bb0
load_part2,9,1e081bb0,16,01e081c30
load_part2,10,1e081c30,16,01e081cb0
load_part2,11,1e081cb0,16,01e081d30
load_part2,12,1e081d30,16,01e081db0
load_part2,13,1e081db0,16,01e081e30
load_part2,14,1e081e30,16,01e081eb0
load_part2,15,1e081eb0,16,01e081f30
load_part2,16,1e081f30,16,01e081fb0
load_part2,17,1e081fb0,10,01e082000
load_part2,18,1e082000,16,01e082080
load_part2,19,1e082080,16,01e082100
load_part2,20,1e082100,16,01e082180
load_part2,21,1e082180,16,01e082200
load_part2,22,1e082200,16,01e082280
load_part2,23,1e082280,16,01e082300
load_part2,24,1e082300,16,01e082380
load_part2,25,1e082380,16,01e082400
load_part2,26,1e082400,16,01e082480
load_part2,27,1e082480,16,01e082500
load_part2,28,1e082500,16,01e082580
load_part2,29,1e082580,16,01e082600
load_part2,30,1e082600,16,01e082680
load_part2,31,1e082680,16,01e082700
load_part2,32,1e082700,16,01e082780
load_part2,33,1e082780,16,01e082800
load_part2,34,1e082800,16,01e082880
load_part2,35,1e082880,16,01e082900
load_part2,36,1e082900,16,01e082980
load_part2,37,1e082980,16,01e082a00
load_part2,38,1e082a00,16,01e082a80
load_part2,39,1e082a80,16,01e082b00
load_part2,40,1e082b00,16,01e082b80
load_part2,41,1e082b80,16,01e082c00
load_part2,42,1e082c00,16,01e082c80
load_part2,43,1e082c80,16,01e082d00
load_part2,44,1e082d00,16,01e082d80
load_part2,45,1e082d80,16,01e082e00
load_part2,46,1e082e00,16,01e082e80
load_part2,47,1e082e80,16,01e082f00
load_part2,48,1e082f00,16,01e082f80
load_part2,49,1e082f80,16,01e083000
load_part2,50,1e083000,16,01e083080
load_part2,51,1e083080,16,01e083100
load_part2,52,1e083100,16,01e083180
load_part2,53,1e083180,16,01e083200
load_part2,54,1e083200,16,01e083280
load_part2,55,1e083280,16,01e083300
load_part2,56,1e083300,16,01e083380
load_part2,57,1e083380,16,01e083400
load_part2,58,1e083400,16,01e083480
load_part2,59,1e083480,16,01e083500
load_part2,60,1e083500,16,01e083580
load_part2,61,1e083580,16,01e083600
load_part2,62,1e083600,16,01e083680
load_part2,63,1e083680,16,01e083700
load_part2,64,1e083700,16,01e083780
load_part2,65,1e083780,16,01e083800
load_part2,66,1e083800,16,01e083880
load_part2,67,1e083880,16,01e083900
load_part2,68,1e083900,16,01e083980
load_part2,69,1e083980,16,01e083a00
load_part2,70,1e083a00,16,01e083a80
load_part2,71,1e083a80,16,01e083b00
load_part2,72,1e083b00,16,01e083b80
load_part2,73,1e083b80,16,01e083c00
load_part2,74,1e083c00,16,01e083c80
load_part2,75,1e083c80,16,01e083d00
load_part2,76,1e083d00,16,01e083d80
load_part2,77,1e083d80,16,01e083e00
load_part2,78,1e083e00,16,01e083e80
load_part2,79,1e083e80,16,01e083f00
load_part2,80,1e083f00,16,01e083f80
load_part2,81,1e083f80,16,01e084000
load_part2,82,1e084000,16,01e084080
load_part2,83,1e084080,16,01e084100
load_part2,84,1e084100,16,01e084180
load_part2,85,1e084180,16,01e084200
load_part2,86,1e084200,16,01e084280
load_part2,87,1e084280,16,01e084300
load_part2,88,1e084300,16,01e084380
load_part2,89,1e084380,16,01e084400
load_part2,90,1e084400,16,01e084480
load_part2,91,1e084480,16,01e084500
load_part2,92,1e084500,16,01e084580
load_part2,93,1e084580,16,01e084600
load_part2,94,1e084600,16,01e084680
load_part2,95,1e084680,16,01e084700
load_part2,96,1e084700,16,01e084780
load_part2,97,1e084780,16,01e084800
load_part2,98,1e084800,16,01e084880
load_part2,99,1e084880,16,01e084900
load_part2,100,1e084900,16,01e084980
load_part2,101,1e084980,16,01e084a00
load_part2,102,1e084a00,16,01e084a80
load_part2,103,1e084a80,16,01e084b00
load_part2,104,1e084b00,16,01e084b80
load_part2,105,1e084b80,16,01e084c00
load_part2,106,1e084c00,16,01e084c80
load_part2,107,1e084c80,16,01e084d00
load_part2,108,1e084d00,16,01e084d80
load_part2,109,1e084d80,16,01e084e00
load_part2,110,1e084e00,16,01e084e80
load_part2,111,1e084e80,16,01e084f00
load_part2,112,1e084f00,16,01e084f80
load_part2,113,1e084f80,16,01e085000
load_part2,114,1e085000,16,01e085080
load_part2,115,1e085080,16,01e085100
load_part2,116,1e085100,16,01e085180
load_part2,117,1e085180,16,01e085200
load_part2,118,1e085200,16,01e085280
load_part2,119,1e085280,16,01e085300
load_part2,120,1e085300,16,01e085380
load_part2,121,1e085380,16,01e085400
load_part2,122,1e085400,16,01e085480
load_part2,123,1e085480,16,01e085500
load_part2,124,1e085500,16,01e085580
load_part2,125,1e085580,16,01e085600
load_part2,126,1e085600,16,01e085680
load_part2,127,1e085680,16,01e085700
load_part2,128,1e085700,16,01e085780
load_part2,129,1e085780,16,01e085800
load_part2,130,1e085800,16,01e085880
load_part2,131,1e085880,16,01e085900
load_part2,132,1e085900,16,01e085980
load_part2,133,1e085980,16,01e085a00
load_part2,134,1e085a00,16,01e085a80
load_part2,135,1e085a80,16,01e085b00
load_part2,136,1e085b00,16,01e085b80
load_part2,137,1e085b80,16,01e085c00
load_part2,138,1e085c00,16,01e085c80
load_part2,139,1e085c80,16,01e085d00
load_part2,140,1e085d00,16,01e085d80
load_part2,141,1e085d80,16,01e085e00
load_part2,142,1e085e00,16,01e085e80
load_part2,143,1e085e80,16,01e085f00
load_part2,144,1e085f00,16,01e085f80
load_part2,145,1e085f80,16,01e086000
load_part2,146,1e086000,16,01e086080
load_part2,147,1e086080,16,01e086100
load_part2,148,1e086100,16,01e086180
load_part2,149,1e086180,16,01e086200
load_part2,150,1e086200,16,01e086280
load_part2,151,1e086280,16,01e086300
load_part2,152,1e086300,16,01e086380
load_part2,153,1e086380,16,01e086400
load_part2,154,1e086400,16,01e086480
load_part2,155,1e086480,16,01e086500
load_part2,156,1e086500,16,01e086580
load_part2,157,1e086580,16,01e086600
load_part2,158,1e086600,16,01e086680
load_part2,159,1e086680,16,01e086700
load_part2,160,1e086700,16,01e086780
load_part2,161,1e086780,16,01e086800
load_part2,162,1e086800,16,01e086880
load_part2,163,1e086880,16,01e086900
load_part2,164,1e086900,16,01e086980
load_part2,165,1e086980,16,01e086a00
load_part2,166,1e086a00,16,01e086a80
load_part2,167,1e086a80,16,01e086b00
load_part2,168,1e086b00,16,01e086b80
load_part2,169,1e086b80,16,01e086c00
load_part2,170,1e086c00,16,01e086c80
load_part2,171,1e086c80,16,01e086d00
load_part2,172,1e086d00,16,01e086d80
load_part2,173,1e086d80,16,01e086e00
load_part2,174,1e086e00,16,01e086e80
load_part2,175,1e086e80,16,01e086f00
load_part2,176,1e086f00,16,01e086f80
load_part2,177,1e086f80,16,01e087000
load_part2,178,1e087000,16,01e087080
load_part2,179,1e087080,16,01e087100
load_part2,180,1e087100,16,01e087180
load_part2,181,1e087180,16,01e087200
load_part2,182,1e087200,16,01e087280
load_part2,183,1e087280,16,01e087300
load_part2,184,1e087300,16,01e087380
load_part2,185,1e087380,16,01e087400
load_part2,186,1e087400,10,01e087450
ready_hold_8,0,1e030000,16,01e030080
ready_hold_8,1,1e030080,1,01e030088
ready_alternate,0,1e030100,16,01e030180
ready_alternate,1,1e030180,16,01e030200
ready_alternate,2,1e030200,16,01e030280
ready_alternate,3,1e030280,16,01e030300
combined_periodic_stalls,0,1e030300,16,01e030380
combined_periodic_stalls,1,1e030380,16,01e030400
combined_periodic_stalls,2,1e030400,16,01e030480
combined_periodic_stalls,3,1e030480,16,01e030500
combined_random_stalls,0,1e030600,16,01e030680
combined_random_stalls,1,1e030680,16,01e030700
combined_random_stalls,2,1e030700,16,01e030780
combined_random_stalls,3,1e030780,16,01e030800
