case,cycle,burst_index,addr,beats
pose_24,8,0,1d000020,3
size_8,29,0,1d010020,1
size_128,46,0,1d020020,16
size_136_busy,93,0,1d030020,16
size_136_busy,111,1,1d0300a0,1
boundary_ff8,146,0,1d040ff8,1
boundary_ff8,149,1,1d041000,16
size_4096,199,0,1d050008,16
size_4096,217,1,1d050088,16
size_4096,235,2,1d050108,16
size_4096,253,3,1d050188,16
size_4096,271,4,1d050208,16
size_4096,289,5,1d050288,16
size_4096,307,6,1d050308,16
size_4096,325,7,1d050388,16
size_4096,343,8,1d050408,16
size_4096,361,9,1d050488,16
size_4096,379,10,1d050508,16
size_4096,397,11,1d050588,16
size_4096,415,12,1d050608,16
size_4096,433,13,1d050688,16
size_4096,451,14,1d050708,16
size_4096,469,15,1d050788,16
size_4096,487,16,1d050808,16
size_4096,505,17,1d050888,16
size_4096,523,18,1d050908,16
size_4096,541,19,1d050988,16
size_4096,559,20,1d050a08,16
size_4096,577,21,1d050a88,16
size_4096,595,22,1d050b08,16
size_4096,613,23,1d050b88,16
size_4096,631,24,1d050c08,16
size_4096,649,25,1d050c88,16
size_4096,667,26,1d050d08,16
size_4096,685,27,1d050d88,16
size_4096,703,28,1d050e08,16
size_4096,721,29,1d050e88,16
size_4096,739,30,1d050f08,16
size_4096,757,31,1d050f88,15
size_4096,774,32,1d051000,1
pose_Bdelay12,1366,0,1d060020,3
W_before_AW,1460,0,1d070020,16
AW_before_W,1492,0,1d080020,3
W_periodic,1700,0,1d090020,16
W_periodic,1748,1,1d0900a0,1
W_random,1783,0,1d0a0020,16
W_random,1818,1,1d0a00a0,16
W_random,1852,2,1d0a0120,16
W_random,1886,3,1d0a01a0,16
