case,leg,name,base,total_cycles,input_cycles,enc_delay,enc_cycles,commands,AR,expected_AR,boundary_shorts,R,RAM_words,enc_start,equations,no_valid,drain_cycles,discarded,done,error,violations
0,0,aligned_delay0,1d000000,1624,1621,0,1,1,90,90,0,1440,1440,1,1621,181,0,0,1,0,0
1,0,aligned_delay5,1d000000,1629,1621,5,6,1,90,90,0,1440,1440,1,1621,181,0,0,1,0,0
2,0,aligned_delay100,1d000000,1724,1621,100,101,1,90,90,0,1440,1440,1,1621,181,0,0,1,0,0
3,0,aligned_delay1000,1d000000,2624,1621,1000,1001,1,90,90,0,1440,1440,1,1621,181,0,0,1,0,0
4,0,unaligned_008,1d000008,1631,1623,5,6,1,91,91,1,1440,1440,1,1623,183,0,0,1,0,0
5,0,boundary_ff8_stalls,1d000ff8,4338,4330,5,6,1,91,91,1,1440,1440,1,4330,2890,0,0,1,0,0
6,0,random_AR_and_R_gaps,1d000000,3065,3057,5,6,1,90,90,0,1440,1440,1,3057,1617,0,0,1,0,0
7,0,level_done,1d000000,1629,1621,5,6,1,90,90,0,1440,1440,1,1621,181,0,0,1,0,0
8,0,NO_CFG,1d000000,2,0,5,0,0,0,0,0,0,0,0,0,0,0,0,0,2,0
9,0,RRESP_middle,1d000000,1623,1621,5,0,1,90,90,0,1440,21,0,25,4,1596,1419,0,4,0
10,0,RRESP_last,1d000000,1623,1621,5,0,1,90,90,0,1440,1440,0,1620,180,1,0,0,4,0
11,0,level_done_repeat,1d000000,1629,1621,5,6,1,90,90,0,1440,1440,1,1621,181,0,0,1,0,0
11,1,level_done_repeat,1d000000,1629,1621,5,6,1,90,90,0,1440,1440,1,1621,181,0,0,1,0,0
12,0,error_then_restart,1d000000,1623,1621,5,0,1,90,90,0,1440,21,0,25,4,1596,1419,0,4,0
12,1,error_then_restart,1d000000,1629,1621,5,6,1,90,90,0,1440,1440,1,1621,181,0,0,1,0,0
