case,leg,name,loaded,current,issued,total_cycles,FC1_cycles,read_busy_cycles,AR,expected_AR,pushes,pops,full_cycles,max_full_run,full_R_stalls,done_relation,done_edge,read_end,done,error,overflow,violations
0,0,fast_aligned,1c000050,1c100050,1c001780,56932,55303,55296,3072,3072,49152,49152,0,0,0,after,61138,61132,1,0,0,0
1,0,fast_blob_aligned,1c000000,1c100050,1c001730,56934,55305,55298,3073,3073,49152,49152,0,0,0,after,122283,122277,1,0,0,0
2,0,slow_full,1c000050,1c100050,1c001780,198243,196614,194561,3072,3072,49152,49152,145322,3,139265,after,324737,322685,1,0,0,0
3,0,random_repeat,1c000050,1c100050,1c001780,197879,196250,194173,3072,3072,49152,49152,142828,37,138877,after,526827,524751,1,0,0,0
3,1,random_repeat,1c000050,1c100050,1c001780,197879,196250,194173,3072,3072,49152,49152,142828,37,138877,after,724712,722636,1,0,0,0
4,0,pause_resume,1c000050,1c100050,1c001780,58359,56730,56723,3072,3072,49152,49152,1427,1427,1427,after,787282,787276,1,0,0,0
5,0,done_same,1c000050,1c100050,1c001780,56926,55297,55296,3072,3072,49152,49152,0,0,0,same,848419,848419,1,0,0,0
6,0,done_before,1c000050,1c100050,1c001780,56926,55297,55296,3072,3072,49152,49152,0,0,0,before,855413,909556,1,0,0,0
7,0,level_repeat,1c000050,1c100050,1c001780,56932,55303,55296,3072,3072,49152,49152,0,0,0,after,970699,970693,1,0,0,0
7,1,level_repeat,1c000050,1c100050,1c001780,56932,55303,55296,3072,3072,49152,49152,0,0,0,after,1027637,1027631,1,0,0,0
8,0,full_and_slave_stall,1c000050,1c100050,1c001780,200221,196614,194561,3072,3072,49152,49152,119484,3,71688,after,1237187,1235135,1,0,0,0
9,0,reload_base,1c000050,1c100050,1c001780,56932,55303,55296,3072,3072,49152,49152,0,0,0,after,1298330,1298324,1,0,0,0
9,1,reload_base,1c100050,1c000050,1c101780,56932,55303,55296,3072,3072,49152,49152,0,0,0,after,1359469,1359463,1,0,0,0
10,0,RRESP_with_full,1c000050,1c100050,1c001780,58572,56943,56942,3072,3072,1285,1285,1718,3,1646,error_no_done,0,1422252,0,4,0,0
