case,leg,phase,cycle,state,mem_busy,mem_err,fc_start,fc_done,done_seen,pushes,pops,count
0,0,1,7,1,0,0,0,0,0,0,0,0
0,0,1,8,2,1,0,0,0,0,0,0,0
0,0,1,844,2,0,0,0,0,0,0,0,0
0,0,1,845,3,1,0,0,0,0,0,0,0
0,0,1,4199,3,0,0,0,0,0,0,0,0
0,0,1,4200,4,0,0,0,0,0,0,0,0
0,0,1,4201,12,0,0,0,0,0,0,0,0
0,0,1,4202,0,0,0,0,0,0,0,0,0
0,0,2,4208,1,0,0,0,0,0,0,0,0
0,0,2,4209,5,1,0,0,0,0,0,0,0
0,0,2,5829,5,0,0,0,0,0,0,0,0
0,0,2,5830,6,0,0,0,0,0,0,0,0
0,0,2,5835,6,0,0,1,0,0,0,0,0
0,0,2,5836,7,1,0,0,0,0,0,0,0
0,0,2,61132,7,0,0,0,0,0,49152,49151,1
0,0,2,61138,7,0,0,0,1,0,49152,49152,0
0,0,2,61139,12,0,0,0,0,1,49152,49152,0
0,0,2,61140,0,0,0,0,0,1,49152,49152,0
1,0,1,61150,1,0,0,0,0,0,0,0,0
1,0,1,61151,2,1,0,0,0,0,0,0,0
1,0,1,61987,2,0,0,0,0,0,0,0,0
1,0,1,61988,3,1,0,0,0,0,0,0,0
1,0,1,65342,3,0,0,0,0,0,0,0,0
1,0,1,65343,4,0,0,0,0,0,0,0,0
1,0,1,65344,12,0,0,0,0,0,0,0,0
1,0,1,65345,0,0,0,0,0,0,0,0,0
1,0,2,65351,1,0,0,0,0,0,0,0,0
1,0,2,65352,5,1,0,0,0,0,0,0,0
1,0,2,66972,5,0,0,0,0,0,0,0,0
1,0,2,66973,6,0,0,0,0,0,0,0,0
1,0,2,66978,6,0,0,1,0,0,0,0,0
1,0,2,66979,7,1,0,0,0,0,0,0,0
1,0,2,122277,7,0,0,0,0,0,49152,49151,1
1,0,2,122283,7,0,0,0,1,0,49152,49152,0
1,0,2,122284,12,0,0,0,0,1,49152,49152,0
1,0,2,122285,0,0,0,0,0,1,49152,49152,0
2,0,1,122295,1,0,0,0,0,0,0,0,0
2,0,1,122296,2,1,0,0,0,0,0,0,0
2,0,1,123132,2,0,0,0,0,0,0,0,0
2,0,1,123133,3,1,0,0,0,0,0,0,0
2,0,1,126487,3,0,0,0,0,0,0,0,0
2,0,1,126488,4,0,0,0,0,0,0,0,0
2,0,1,126489,12,0,0,0,0,0,0,0,0
2,0,1,126490,0,0,0,0,0,0,0,0,0
2,0,2,126496,1,0,0,0,0,0,0,0,0
2,0,2,126497,5,1,0,0,0,0,0,0,0
2,0,2,128117,5,0,0,0,0,0,0,0,0
2,0,2,128118,6,0,0,0,0,0,0,0,0
2,0,2,128123,6,0,0,1,0,0,0,0,0
2,0,2,128124,7,1,0,0,0,0,0,0,0
2,0,2,322685,7,0,0,0,0,0,49152,48640,512
2,0,2,324737,7,0,0,0,1,0,49152,49152,0
2,0,2,324738,12,0,0,0,0,1,49152,49152,0
2,0,2,324739,0,0,0,0,0,1,49152,49152,0
3,0,1,324749,1,0,0,0,0,0,0,0,0
3,0,1,324750,2,1,0,0,0,0,0,0,0
3,0,1,325586,2,0,0,0,0,0,0,0,0
3,0,1,325587,3,1,0,0,0,0,0,0,0
3,0,1,328941,3,0,0,0,0,0,0,0,0
3,0,1,328942,4,0,0,0,0,0,0,0,0
3,0,1,328943,12,0,0,0,0,0,0,0,0
3,0,1,328944,0,0,0,0,0,0,0,0,0
3,0,2,328950,1,0,0,0,0,0,0,0,0
3,0,2,328951,5,1,0,0,0,0,0,0,0
3,0,2,330571,5,0,0,0,0,0,0,0,0
3,0,2,330572,6,0,0,0,0,0,0,0,0
3,0,2,330577,6,0,0,1,0,0,0,0,0
3,0,2,330578,7,1,0,0,0,0,0,0,0
3,0,2,524751,7,0,0,0,0,0,49152,48640,512
3,0,2,526827,7,0,0,0,1,0,49152,49152,0
3,0,2,526828,12,0,0,0,0,1,49152,49152,0
3,0,2,526829,0,0,0,0,0,1,49152,49152,0
3,1,2,526835,1,0,0,0,0,1,0,49152,0
3,1,2,526836,5,1,0,0,0,1,0,49152,0
3,1,2,528456,5,0,0,0,0,1,0,49152,0
3,1,2,528457,6,0,0,0,0,1,0,49152,0
3,1,2,528462,6,0,0,1,0,1,0,49152,0
3,1,2,528463,7,1,0,0,0,0,0,0,0
3,1,2,722636,7,0,0,0,0,0,49152,48640,512
3,1,2,724712,7,0,0,0,1,0,49152,49152,0
3,1,2,724713,12,0,0,0,0,1,49152,49152,0
3,1,2,724714,0,0,0,0,0,1,49152,49152,0
4,0,1,724724,1,0,0,0,0,0,0,0,0
4,0,1,724725,2,1,0,0,0,0,0,0,0
4,0,1,725561,2,0,0,0,0,0,0,0,0
4,0,1,725562,3,1,0,0,0,0,0,0,0
4,0,1,728916,3,0,0,0,0,0,0,0,0
4,0,1,728917,4,0,0,0,0,0,0,0,0
4,0,1,728918,12,0,0,0,0,0,0,0,0
4,0,1,728919,0,0,0,0,0,0,0,0,0
4,0,2,728925,1,0,0,0,0,0,0,0,0
4,0,2,728926,5,1,0,0,0,0,0,0,0
4,0,2,730546,5,0,0,0,0,0,0,0,0
4,0,2,730547,6,0,0,0,0,0,0,0,0
4,0,2,730552,6,0,0,1,0,0,0,0,0
4,0,2,730553,7,1,0,0,0,0,0,0,0
4,0,2,787276,7,0,0,0,0,0,49152,49151,1
4,0,2,787282,7,0,0,0,1,0,49152,49152,0
4,0,2,787283,12,0,0,0,0,1,49152,49152,0
4,0,2,787284,0,0,0,0,0,1,49152,49152,0
5,0,1,787294,1,0,0,0,0,0,0,0,0
5,0,1,787295,2,1,0,0,0,0,0,0,0
5,0,1,788131,2,0,0,0,0,0,0,0,0
5,0,1,788132,3,1,0,0,0,0,0,0,0
5,0,1,791486,3,0,0,0,0,0,0,0,0
5,0,1,791487,4,0,0,0,0,0,0,0,0
5,0,1,791488,12,0,0,0,0,0,0,0,0
5,0,1,791489,0,0,0,0,0,0,0,0,0
5,0,2,791495,1,0,0,0,0,0,0,0,0
5,0,2,791496,5,1,0,0,0,0,0,0,0
5,0,2,793116,5,0,0,0,0,0,0,0,0
5,0,2,793117,6,0,0,0,0,0,0,0,0
5,0,2,793122,6,0,0,1,0,0,0,0,0
5,0,2,793123,7,1,0,0,0,0,0,0,0
5,0,2,848419,7,0,0,0,1,0,49152,49151,1
5,0,2,848420,12,0,0,0,0,1,49152,49152,0
5,0,2,848421,0,0,0,0,0,1,49152,49152,0
6,0,1,848431,1,0,0,0,0,0,0,0,0
6,0,1,848432,2,1,0,0,0,0,0,0,0
6,0,1,849268,2,0,0,0,0,0,0,0,0
6,0,1,849269,3,1,0,0,0,0,0,0,0
6,0,1,852623,3,0,0,0,0,0,0,0,0
6,0,1,852624,4,0,0,0,0,0,0,0,0
6,0,1,852625,12,0,0,0,0,0,0,0,0
6,0,1,852626,0,0,0,0,0,0,0,0,0
6,0,2,852632,1,0,0,0,0,0,0,0,0
6,0,2,852633,5,1,0,0,0,0,0,0,0
6,0,2,854253,5,0,0,0,0,0,0,0,0
6,0,2,854254,6,0,0,0,0,0,0,0,0
6,0,2,854259,6,0,0,1,0,0,0,0,0
6,0,2,854260,7,1,0,0,0,0,0,0,0
6,0,2,855413,7,1,0,0,1,0,1024,1024,0
6,0,2,909556,7,0,0,0,0,1,49152,49151,1
6,0,2,909557,12,0,0,0,0,1,49152,49152,0
6,0,2,909558,0,0,0,0,0,1,49152,49152,0
7,0,1,909568,1,0,0,0,0,0,0,0,0
7,0,1,909569,2,1,0,0,0,0,0,0,0
7,0,1,910405,2,0,0,0,0,0,0,0,0
7,0,1,910406,3,1,0,0,0,0,0,0,0
7,0,1,913760,3,0,0,0,0,0,0,0,0
7,0,1,913761,4,0,0,0,0,0,0,0,0
7,0,1,913762,12,0,0,0,0,0,0,0,0
7,0,1,913763,0,0,0,0,0,0,0,0,0
7,0,2,913769,1,0,0,0,0,0,0,0,0
7,0,2,913770,5,1,0,0,0,0,0,0,0
7,0,2,915390,5,0,0,0,0,0,0,0,0
7,0,2,915391,6,0,0,0,0,0,0,0,0
7,0,2,915396,6,0,0,1,0,0,0,0,0
7,0,2,915397,7,1,0,0,0,0,0,0,0
7,0,2,970693,7,0,0,0,0,0,49152,49151,1
7,0,2,970699,7,0,0,0,1,0,49152,49152,0
7,0,2,970700,12,0,0,0,1,1,49152,49152,0
7,0,2,970701,0,0,0,0,1,1,49152,49152,0
7,1,2,970707,1,0,0,0,1,1,0,49152,0
7,1,2,970708,5,1,0,0,1,1,0,49152,0
7,1,2,972328,5,0,0,0,1,1,0,49152,0
7,1,2,972329,6,0,0,0,1,1,0,49152,0
7,1,2,972334,6,0,0,1,1,1,0,49152,0
7,1,2,972335,7,1,0,0,0,0,0,0,0
7,1,2,1027631,7,0,0,0,0,0,49152,49151,1
7,1,2,1027637,7,0,0,0,1,0,49152,49152,0
7,1,2,1027638,12,0,0,0,1,1,49152,49152,0
7,1,2,1027639,0,0,0,0,1,1,49152,49152,0
8,0,1,1027649,1,0,0,0,0,0,0,0,0
8,0,1,1027650,2,1,0,0,0,0,0,0,0
8,0,1,1029503,2,0,0,0,0,0,0,0,0
8,0,1,1029504,3,1,0,0,0,0,0,0,0
8,0,1,1036959,3,0,0,0,0,0,0,0,0
8,0,1,1036960,4,0,0,0,0,0,0,0,0
8,0,1,1036961,12,0,0,0,0,0,0,0,0
8,0,1,1036962,0,0,0,0,0,0,0,0,0
8,0,2,1036968,1,0,0,0,0,0,0,0,0
8,0,2,1036969,5,1,0,0,0,0,0,0,0
8,0,2,1040567,5,0,0,0,0,0,0,0,0
8,0,2,1040568,6,0,0,0,0,0,0,0,0
8,0,2,1040573,6,0,0,1,0,0,0,0,0
8,0,2,1040574,7,1,0,0,0,0,0,0,0
8,0,2,1235135,7,0,0,0,0,0,49152,48640,512
8,0,2,1237187,7,0,0,0,1,0,49152,49152,0
8,0,2,1237188,12,0,0,0,0,1,49152,49152,0
8,0,2,1237189,0,0,0,0,0,1,49152,49152,0
9,0,1,1237199,1,0,0,0,0,0,0,0,0
9,0,1,1237200,2,1,0,0,0,0,0,0,0
9,0,1,1238036,2,0,0,0,0,0,0,0,0
9,0,1,1238037,3,1,0,0,0,0,0,0,0
9,0,1,1241391,3,0,0,0,0,0,0,0,0
9,0,1,1241392,4,0,0,0,0,0,0,0,0
9,0,1,1241393,12,0,0,0,0,0,0,0,0
9,0,1,1241394,0,0,0,0,0,0,0,0,0
9,0,2,1241400,1,0,0,0,0,0,0,0,0
9,0,2,1241401,5,1,0,0,0,0,0,0,0
9,0,2,1243021,5,0,0,0,0,0,0,0,0
9,0,2,1243022,6,0,0,0,0,0,0,0,0
9,0,2,1243027,6,0,0,1,0,0,0,0,0
9,0,2,1243028,7,1,0,0,0,0,0,0,0
9,0,2,1298324,7,0,0,0,0,0,49152,49151,1
9,0,2,1298330,7,0,0,0,1,0,49152,49152,0
9,0,2,1298331,12,0,0,0,0,1,49152,49152,0
9,0,2,1298332,0,0,0,0,0,1,49152,49152,0
9,1,1,1298338,1,0,0,0,0,1,0,49152,0
9,1,1,1298339,2,1,0,0,0,1,0,49152,0
9,1,1,1299175,2,0,0,0,0,1,0,49152,0
9,1,1,1299176,3,1,0,0,0,1,0,49152,0
9,1,1,1302530,3,0,0,0,0,1,0,49152,0
9,1,1,1302531,4,0,0,0,0,1,0,49152,0
9,1,1,1302532,12,0,0,0,0,1,0,49152,0
9,1,1,1302533,0,0,0,0,0,1,0,49152,0
9,1,2,1302539,1,0,0,0,0,1,0,49152,0
9,1,2,1302540,5,1,0,0,0,1,0,49152,0
9,1,2,1304160,5,0,0,0,0,1,0,49152,0
9,1,2,1304161,6,0,0,0,0,1,0,49152,0
9,1,2,1304166,6,0,0,1,0,1,0,49152,0
9,1,2,1304167,7,1,0,0,0,0,0,0,0
9,1,2,1359463,7,0,0,0,0,0,49152,49151,1
9,1,2,1359469,7,0,0,0,1,0,49152,49152,0
9,1,2,1359470,12,0,0,0,0,1,49152,49152,0
9,1,2,1359471,0,0,0,0,0,1,49152,49152,0
10,0,1,1359481,1,0,0,0,0,0,0,0,0
10,0,1,1359482,2,1,0,0,0,0,0,0,0
10,0,1,1360318,2,0,0,0,0,0,0,0,0
10,0,1,1360319,3,1,0,0,0,0,0,0,0
10,0,1,1363673,3,0,0,0,0,0,0,0,0
10,0,1,1363674,4,0,0,0,0,0,0,0,0
10,0,1,1363675,12,0,0,0,0,0,0,0,0
10,0,1,1363676,0,0,0,0,0,0,0,0,0
10,0,2,1363682,1,0,0,0,0,0,0,0,0
10,0,2,1363683,5,1,0,0,0,0,0,0,0
10,0,2,1365303,5,0,0,0,0,0,0,0,0
10,0,2,1365304,6,0,0,0,0,0,0,0,0
10,0,2,1365309,6,0,0,1,0,0,0,0,0
10,0,2,1365310,7,1,0,0,0,0,0,0,0
10,0,2,1422252,7,0,1,0,0,0,1285,1285,0
10,0,2,1422253,12,0,1,0,0,0,1285,1285,0
10,0,2,1422254,0,0,1,0,0,0,1285,1285,0
