case,leg,name,cycles,enc_delay,input_words,FC_words,FC_starts,FC_cycles,input_AR,FC_AR,full,AW,W,ready_samples,ready_max_run,B,B_after_last_W,pose_bytes,output,done,error,violations
0,0,normal_repeat,56947,5,1440,49152,3,55303/4/5,90,3072,0,1,3,3,3,1,1,24,1e000000,1,0,0
0,1,normal_repeat,56947,5,1440,49152,3,55303/4/5,90,3072,0,1,3,3,3,1,1,24,1e000040,1,0,0
1,0,minimum_FC_delay,56937,5,1440,49152,3,55298/2/2,90,3072,0,1,3,3,3,1,1,24,1e002000,1,0,0
2,0,delayed_FC,57110,5,1440,49152,3,55323/51/101,90,3072,0,1,3,3,3,1,1,24,1e004000,1,0,0
3,0,level_done_repeat,56947,5,1440,49152,3,55303/4/5,90,3072,0,1,3,3,3,1,1,24,1e006000,1,0,0
3,1,level_done_repeat,56947,5,1440,49152,3,55303/4/5,90,3072,0,1,3,3,3,1,1,24,1e006040,1,0,0
4,0,write_stall_page_end,56977,5,1440,49152,3,55303/4/5,90,3072,0,1,3,3,1,1,21,24,1e01ffe0,1,0,0
5,0,input_error_restart,1623,5,21,0,0,0/0/0,90,0,0,0,0,0,0,0,0,0,1e00a000,0,4,0
5,1,input_error_restart,56947,5,1440,49152,3,55303/4/5,90,3072,0,1,3,3,3,1,1,24,1e00a040,1,0,0
6,0,FC1_error_reset_recovery,58572,5,1440,1285,1,56943/0/0,90,3072,1718,0,0,0,0,0,0,0,1e00c000,0,4,0
6,2,FC1_error_reset_recovery,56947,5,1440,49152,3,55303/4/5,90,3072,0,1,3,3,3,1,1,24,1e00c080,1,0,0
7,0,write_error_restart,56959,5,1440,49152,3,55303/4/5,90,3072,0,1,3,3,3,1,13,24,1e00e000,0,5,0
7,1,write_error_restart,56959,5,1440,49152,3,55303/4/5,90,3072,0,1,3,3,3,1,13,24,1e00e040,1,0,0
8,0,measured_Encoder_delay,1335832,1278890,1440,49152,3,55303/4/5,90,3072,0,1,3,3,3,1,1,24,1e010000,1,0,0
9,0,FIFO_and_read_stall,200237,5,1440,49152,3,196614/4/5,90,3072,119484,1,3,3,3,1,1,24,1e012000,1,0,0
