case,leg,phase,cycle,state,read_busy,write_busy,fc_start,fc_done,fc_sel,wr_ready,beat,FC_words,W_words
0,0,1,7,1,0,0,0,0,0,0,0,0,0
0,0,1,8,2,1,0,0,0,0,0,0,0,0
0,0,1,844,2,0,0,0,0,0,0,0,0,0
0,0,1,845,3,1,0,0,0,0,0,0,0,0
0,0,1,4200,4,0,0,0,0,0,0,0,0,0
0,0,1,4201,12,0,0,0,0,0,0,0,0,0
0,0,1,4202,0,0,0,0,0,0,0,0,0,0
0,0,2,4207,1,0,0,0,0,0,0,0,0,0
0,0,2,4208,5,1,0,0,0,0,0,0,0,0
0,0,2,5829,6,0,0,0,0,0,0,1440,0,0
0,0,2,5834,6,0,0,1,0,0,0,1440,0,0
0,0,2,5835,7,1,0,0,0,0,0,1440,0,0
0,0,2,61137,7,0,0,1,1,1,0,1440,49152,0
0,0,2,61138,8,0,0,0,0,0,0,1440,49152,0
0,0,2,61141,8,0,0,1,1,2,0,1440,49152,0
0,0,2,61142,9,0,0,0,0,0,0,1440,49152,0
0,0,2,61146,9,0,0,0,1,0,0,1440,49152,0
0,0,2,61147,10,0,1,0,0,0,0,0,49152,0
0,0,2,61148,10,0,1,0,0,0,1,0,49152,1
0,0,2,61149,10,0,1,0,0,0,1,1,49152,2
0,0,2,61150,10,0,1,0,0,0,1,2,49152,3
0,0,2,61152,10,0,0,0,0,0,0,3,49152,3
0,0,2,61153,12,0,0,0,0,0,0,3,49152,3
0,0,2,61154,0,0,0,0,0,0,0,3,49152,3
0,1,2,61159,1,0,0,0,0,0,0,3,0,0
0,1,2,61160,5,1,0,0,0,0,0,0,0,0
0,1,2,62781,6,0,0,0,0,0,0,1440,0,0
0,1,2,62786,6,0,0,1,0,0,0,1440,0,0
0,1,2,62787,7,1,0,0,0,0,0,1440,0,0
0,1,2,118089,7,0,0,1,1,1,0,1440,49152,0
0,1,2,118090,8,0,0,0,0,0,0,1440,49152,0
0,1,2,118093,8,0,0,1,1,2,0,1440,49152,0
0,1,2,118094,9,0,0,0,0,0,0,1440,49152,0
0,1,2,118098,9,0,0,0,1,0,0,1440,49152,0
0,1,2,118099,10,0,1,0,0,0,0,0,49152,0
0,1,2,118100,10,0,1,0,0,0,1,0,49152,1
0,1,2,118101,10,0,1,0,0,0,1,1,49152,2
0,1,2,118102,10,0,1,0,0,0,1,2,49152,3
0,1,2,118104,10,0,0,0,0,0,0,3,49152,3
0,1,2,118105,12,0,0,0,0,0,0,3,49152,3
0,1,2,118106,0,0,0,0,0,0,0,3,49152,3
1,0,1,118115,1,0,0,0,0,0,0,0,0,0
1,0,1,118116,2,1,0,0,0,0,0,0,0,0
1,0,1,118952,2,0,0,0,0,0,0,0,0,0
1,0,1,118953,3,1,0,0,0,0,0,0,0,0
1,0,1,122308,4,0,0,0,0,0,0,0,0,0
1,0,1,122309,12,0,0,0,0,0,0,0,0,0
1,0,1,122310,0,0,0,0,0,0,0,0,0,0
1,0,2,122315,1,0,0,0,0,0,0,0,0,0
1,0,2,122316,5,1,0,0,0,0,0,0,0,0
1,0,2,123937,6,0,0,0,0,0,0,1440,0,0
1,0,2,123942,6,0,0,1,0,0,0,1440,0,0
1,0,2,123943,7,1,0,0,0,0,0,1440,0,0
1,0,2,179240,7,0,0,1,1,1,0,1440,49152,0
1,0,2,179241,8,0,0,0,0,0,0,1440,49152,0
1,0,2,179242,8,0,0,1,1,2,0,1440,49152,0
1,0,2,179243,9,0,0,0,0,0,0,1440,49152,0
1,0,2,179244,9,0,0,0,1,0,0,1440,49152,0
1,0,2,179245,10,0,1,0,0,0,0,0,49152,0
1,0,2,179246,10,0,1,0,0,0,1,0,49152,1
1,0,2,179247,10,0,1,0,0,0,1,1,49152,2
1,0,2,179248,10,0,1,0,0,0,1,2,49152,3
1,0,2,179250,10,0,0,0,0,0,0,3,49152,3
1,0,2,179251,12,0,0,0,0,0,0,3,49152,3
1,0,2,179252,0,0,0,0,0,0,0,3,49152,3
2,0,1,179261,1,0,0,0,0,0,0,0,0,0
2,0,1,179262,2,1,0,0,0,0,0,0,0,0
2,0,1,180098,2,0,0,0,0,0,0,0,0,0
2,0,1,180099,3,1,0,0,0,0,0,0,0,0
2,0,1,183454,4,0,0,0,0,0,0,0,0,0
2,0,1,183455,12,0,0,0,0,0,0,0,0,0
2,0,1,183456,0,0,0,0,0,0,0,0,0,0
2,0,2,183461,1,0,0,0,0,0,0,0,0,0
2,0,2,183462,5,1,0,0,0,0,0,0,0,0
2,0,2,185083,6,0,0,0,0,0,0,1440,0,0
2,0,2,185088,6,0,0,1,0,0,0,1440,0,0
2,0,2,185089,7,1,0,0,0,0,0,1440,0,0
2,0,2,240411,7,0,0,1,1,1,0,1440,49152,0
2,0,2,240412,8,0,0,0,0,0,0,1440,49152,0
2,0,2,240462,8,0,0,1,1,2,0,1440,49152,0
2,0,2,240463,9,0,0,0,0,0,0,1440,49152,0
2,0,2,240563,9,0,0,0,1,0,0,1440,49152,0
2,0,2,240564,10,0,1,0,0,0,0,0,49152,0
2,0,2,240565,10,0,1,0,0,0,1,0,49152,1
2,0,2,240566,10,0,1,0,0,0,1,1,49152,2
2,0,2,240567,10,0,1,0,0,0,1,2,49152,3
2,0,2,240569,10,0,0,0,0,0,0,3,49152,3
2,0,2,240570,12,0,0,0,0,0,0,3,49152,3
2,0,2,240571,0,0,0,0,0,0,0,3,49152,3
3,0,1,240580,1,0,0,0,0,0,0,0,0,0
3,0,1,240581,2,1,0,0,0,0,0,0,0,0
3,0,1,241417,2,0,0,0,0,0,0,0,0,0
3,0,1,241418,3,1,0,0,0,0,0,0,0,0
3,0,1,244773,4,0,0,0,0,0,0,0,0,0
3,0,1,244774,12,0,0,0,0,0,0,0,0,0
3,0,1,244775,0,0,0,0,0,0,0,0,0,0
3,0,2,244780,1,0,0,0,0,0,0,0,0,0
3,0,2,244781,5,1,0,0,0,0,0,0,0,0
3,0,2,246402,6,0,0,0,0,0,0,1440,0,0
3,0,2,246407,6,0,0,1,0,0,0,1440,0,0
3,0,2,246408,7,1,0,0,0,0,0,1440,0,0
3,0,2,301710,7,0,0,1,1,1,0,1440,49152,0
3,0,2,301711,8,0,0,0,0,0,0,1440,49152,0
3,0,2,301714,8,0,0,1,1,2,0,1440,49152,0
3,0,2,301715,9,0,0,0,0,0,0,1440,49152,0
3,0,2,301719,9,0,0,0,1,0,0,1440,49152,0
3,0,2,301720,10,0,1,0,1,0,0,0,49152,0
3,0,2,301721,10,0,1,0,1,0,1,0,49152,1
3,0,2,301722,10,0,1,0,1,0,1,1,49152,2
3,0,2,301723,10,0,1,0,1,0,1,2,49152,3
3,0,2,301725,10,0,0,0,1,0,0,3,49152,3
3,0,2,301726,12,0,0,0,1,0,0,3,49152,3
3,0,2,301727,0,0,0,0,1,0,0,3,49152,3
3,1,2,301732,1,0,0,0,1,0,0,3,0,0
3,1,2,301733,5,1,0,0,1,0,0,0,0,0
3,1,2,303354,6,0,0,0,1,0,0,1440,0,0
3,1,2,303359,6,0,0,1,1,0,0,1440,0,0
3,1,2,303360,7,1,0,0,0,0,0,1440,0,0
3,1,2,358662,7,0,0,1,1,1,0,1440,49152,0
3,1,2,358663,8,0,0,0,0,0,0,1440,49152,0
3,1,2,358666,8,0,0,1,1,2,0,1440,49152,0
3,1,2,358667,9,0,0,0,0,0,0,1440,49152,0
3,1,2,358671,9,0,0,0,1,0,0,1440,49152,0
3,1,2,358672,10,0,1,0,1,0,0,0,49152,0
3,1,2,358673,10,0,1,0,1,0,1,0,49152,1
3,1,2,358674,10,0,1,0,1,0,1,1,49152,2
3,1,2,358675,10,0,1,0,1,0,1,2,49152,3
3,1,2,358677,10,0,0,0,1,0,0,3,49152,3
3,1,2,358678,12,0,0,0,1,0,0,3,49152,3
3,1,2,358679,0,0,0,0,1,0,0,3,49152,3
4,0,1,358688,1,0,0,0,0,0,0,0,0,0
4,0,1,358689,2,1,0,0,0,0,0,0,0,0
4,0,1,359525,2,0,0,0,0,0,0,0,0,0
4,0,1,359526,3,1,0,0,0,0,0,0,0,0
4,0,1,362881,4,0,0,0,0,0,0,0,0,0
4,0,1,362882,12,0,0,0,0,0,0,0,0,0
4,0,1,362883,0,0,0,0,0,0,0,0,0,0
4,0,2,362888,1,0,0,0,0,0,0,0,0,0
4,0,2,362889,5,1,0,0,0,0,0,0,0,0
4,0,2,364510,6,0,0,0,0,0,0,1440,0,0
4,0,2,364515,6,0,0,1,0,0,0,1440,0,0
4,0,2,364516,7,1,0,0,0,0,0,1440,0,0
4,0,2,419818,7,0,0,1,1,1,0,1440,49152,0
4,0,2,419819,8,0,0,0,0,0,0,1440,49152,0
4,0,2,419822,8,0,0,1,1,2,0,1440,49152,0
4,0,2,419823,9,0,0,0,0,0,0,1440,49152,0
4,0,2,419827,9,0,0,0,1,0,0,1440,49152,0
4,0,2,419828,10,0,1,0,0,0,0,0,49152,0
4,0,2,419831,10,0,1,0,0,0,1,0,49152,1
4,0,2,419836,10,0,1,0,0,0,1,1,49152,2
4,0,2,419841,10,0,1,0,0,0,1,2,49152,3
4,0,2,419863,10,0,0,0,0,0,0,3,49152,3
4,0,2,419864,12,0,0,0,0,0,0,3,49152,3
4,0,2,419865,0,0,0,0,0,0,0,3,49152,3
5,0,1,419874,1,0,0,0,0,0,0,0,0,0
5,0,1,419875,2,1,0,0,0,0,0,0,0,0
5,0,1,420711,2,0,0,0,0,0,0,0,0,0
5,0,1,420712,3,1,0,0,0,0,0,0,0,0
5,0,1,424067,4,0,0,0,0,0,0,0,0,0
5,0,1,424068,12,0,0,0,0,0,0,0,0,0
5,0,1,424069,0,0,0,0,0,0,0,0,0,0
5,0,2,424074,1,0,0,0,0,0,0,0,0,0
5,0,2,424075,5,1,0,0,0,0,0,0,0,0
5,0,2,425696,12,0,0,0,0,0,0,21,0,0
5,0,2,425697,0,0,0,0,0,0,0,21,0,0
5,1,2,425702,1,0,0,0,0,0,0,21,0,0
5,1,2,425703,5,1,0,0,0,0,0,0,0,0
5,1,2,427324,6,0,0,0,0,0,0,1440,0,0
5,1,2,427329,6,0,0,1,0,0,0,1440,0,0
5,1,2,427330,7,1,0,0,0,0,0,1440,0,0
5,1,2,482632,7,0,0,1,1,1,0,1440,49152,0
5,1,2,482633,8,0,0,0,0,0,0,1440,49152,0
5,1,2,482636,8,0,0,1,1,2,0,1440,49152,0
5,1,2,482637,9,0,0,0,0,0,0,1440,49152,0
5,1,2,482641,9,0,0,0,1,0,0,1440,49152,0
5,1,2,482642,10,0,1,0,0,0,0,0,49152,0
5,1,2,482643,10,0,1,0,0,0,1,0,49152,1
5,1,2,482644,10,0,1,0,0,0,1,1,49152,2
5,1,2,482645,10,0,1,0,0,0,1,2,49152,3
5,1,2,482647,10,0,0,0,0,0,0,3,49152,3
5,1,2,482648,12,0,0,0,0,0,0,3,49152,3
5,1,2,482649,0,0,0,0,0,0,0,3,49152,3
6,0,1,482658,1,0,0,0,0,0,0,0,0,0
6,0,1,482659,2,1,0,0,0,0,0,0,0,0
6,0,1,483495,2,0,0,0,0,0,0,0,0,0
6,0,1,483496,3,1,0,0,0,0,0,0,0,0
6,0,1,486851,4,0,0,0,0,0,0,0,0,0
6,0,1,486852,12,0,0,0,0,0,0,0,0,0
6,0,1,486853,0,0,0,0,0,0,0,0,0,0
6,0,2,486858,1,0,0,0,0,0,0,0,0,0
6,0,2,486859,5,1,0,0,0,0,0,0,0,0
6,0,2,488480,6,0,0,0,0,0,0,1440,0,0
6,0,2,488485,6,0,0,1,0,0,0,1440,0,0
6,0,2,488486,7,1,0,0,0,0,0,1440,0,0
6,0,2,545429,12,0,0,0,0,0,0,1440,1285,0
6,0,2,545430,0,0,0,0,0,0,0,1440,1285,0
6,1,2,545435,1,0,0,0,0,0,0,1440,0,0
6,1,2,545436,5,1,0,0,0,0,0,0,0,0
6,1,2,547057,6,0,0,0,0,0,0,1440,0,0
6,1,2,547062,6,0,0,1,0,0,0,1440,0,0
6,2,1,547068,1,0,0,0,0,0,0,0,0,0
6,2,1,547069,2,1,0,0,0,0,0,0,0,0
6,2,1,547905,2,0,0,0,0,0,0,0,0,0
6,2,1,547906,3,1,0,0,0,0,0,0,0,0
6,2,1,551261,4,0,0,0,0,0,0,0,0,0
6,2,1,551262,12,0,0,0,0,0,0,0,0,0
6,2,1,551263,0,0,0,0,0,0,0,0,0,0
6,2,2,551268,1,0,0,0,0,0,0,0,0,0
6,2,2,551269,5,1,0,0,0,0,0,0,0,0
6,2,2,552890,6,0,0,0,0,0,0,1440,0,0
6,2,2,552895,6,0,0,1,0,0,0,1440,0,0
6,2,2,552896,7,1,0,0,0,0,0,1440,0,0
6,2,2,608198,7,0,0,1,1,1,0,1440,49152,0
6,2,2,608199,8,0,0,0,0,0,0,1440,49152,0
6,2,2,608202,8,0,0,1,1,2,0,1440,49152,0
6,2,2,608203,9,0,0,0,0,0,0,1440,49152,0
6,2,2,608207,9,0,0,0,1,0,0,1440,49152,0
6,2,2,608208,10,0,1,0,0,0,0,0,49152,0
6,2,2,608209,10,0,1,0,0,0,1,0,49152,1
6,2,2,608210,10,0,1,0,0,0,1,1,49152,2
6,2,2,608211,10,0,1,0,0,0,1,2,49152,3
6,2,2,608213,10,0,0,0,0,0,0,3,49152,3
6,2,2,608214,12,0,0,0,0,0,0,3,49152,3
6,2,2,608215,0,0,0,0,0,0,0,3,49152,3
7,0,1,608224,1,0,0,0,0,0,0,0,0,0
7,0,1,608225,2,1,0,0,0,0,0,0,0,0
7,0,1,609061,2,0,0,0,0,0,0,0,0,0
7,0,1,609062,3,1,0,0,0,0,0,0,0,0
7,0,1,612417,4,0,0,0,0,0,0,0,0,0
7,0,1,612418,12,0,0,0,0,0,0,0,0,0
7,0,1,612419,0,0,0,0,0,0,0,0,0,0
7,0,2,612424,1,0,0,0,0,0,0,0,0,0
7,0,2,612425,5,1,0,0,0,0,0,0,0,0
7,0,2,614046,6,0,0,0,0,0,0,1440,0,0
7,0,2,614051,6,0,0,1,0,0,0,1440,0,0
7,0,2,614052,7,1,0,0,0,0,0,1440,0,0
7,0,2,669354,7,0,0,1,1,1,0,1440,49152,0
7,0,2,669355,8,0,0,0,0,0,0,1440,49152,0
7,0,2,669358,8,0,0,1,1,2,0,1440,49152,0
7,0,2,669359,9,0,0,0,0,0,0,1440,49152,0
7,0,2,669363,9,0,0,0,1,0,0,1440,49152,0
7,0,2,669364,10,0,1,0,0,0,0,0,49152,0
7,0,2,669365,10,0,1,0,0,0,1,0,49152,1
7,0,2,669366,10,0,1,0,0,0,1,1,49152,2
7,0,2,669367,10,0,1,0,0,0,1,2,49152,3
7,0,2,669381,10,0,0,0,0,0,0,3,49152,3
7,0,2,669382,12,0,0,0,0,0,0,3,49152,3
7,0,2,669383,0,0,0,0,0,0,0,3,49152,3
7,1,2,669388,1,0,0,0,0,0,0,3,0,0
7,1,2,669389,5,1,0,0,0,0,0,0,0,0
7,1,2,671010,6,0,0,0,0,0,0,1440,0,0
7,1,2,671015,6,0,0,1,0,0,0,1440,0,0
7,1,2,671016,7,1,0,0,0,0,0,1440,0,0
7,1,2,726318,7,0,0,1,1,1,0,1440,49152,0
7,1,2,726319,8,0,0,0,0,0,0,1440,49152,0
7,1,2,726322,8,0,0,1,1,2,0,1440,49152,0
7,1,2,726323,9,0,0,0,0,0,0,1440,49152,0
7,1,2,726327,9,0,0,0,1,0,0,1440,49152,0
7,1,2,726328,10,0,1,0,0,0,0,0,49152,0
7,1,2,726329,10,0,1,0,0,0,1,0,49152,1
7,1,2,726330,10,0,1,0,0,0,1,1,49152,2
7,1,2,726331,10,0,1,0,0,0,1,2,49152,3
7,1,2,726345,10,0,0,0,0,0,0,3,49152,3
7,1,2,726346,12,0,0,0,0,0,0,3,49152,3
7,1,2,726347,0,0,0,0,0,0,0,3,49152,3
8,0,1,726356,1,0,0,0,0,0,0,0,0,0
8,0,1,726357,2,1,0,0,0,0,0,0,0,0
8,0,1,727193,2,0,0,0,0,0,0,0,0,0
8,0,1,727194,3,1,0,0,0,0,0,0,0,0
8,0,1,730549,4,0,0,0,0,0,0,0,0,0
8,0,1,730550,12,0,0,0,0,0,0,0,0,0
8,0,1,730551,0,0,0,0,0,0,0,0,0,0
8,0,2,730556,1,0,0,0,0,0,0,0,0,0
8,0,2,730557,5,1,0,0,0,0,0,0,0,0
8,0,2,732178,6,0,0,0,0,0,0,1440,0,0
8,0,2,2011068,6,0,0,1,0,0,0,1440,0,0
8,0,2,2011069,7,1,0,0,0,0,0,1440,0,0
8,0,2,2066371,7,0,0,1,1,1,0,1440,49152,0
8,0,2,2066372,8,0,0,0,0,0,0,1440,49152,0
8,0,2,2066375,8,0,0,1,1,2,0,1440,49152,0
8,0,2,2066376,9,0,0,0,0,0,0,1440,49152,0
8,0,2,2066380,9,0,0,0,1,0,0,1440,49152,0
8,0,2,2066381,10,0,1,0,0,0,0,0,49152,0
8,0,2,2066382,10,0,1,0,0,0,1,0,49152,1
8,0,2,2066383,10,0,1,0,0,0,1,1,49152,2
8,0,2,2066384,10,0,1,0,0,0,1,2,49152,3
8,0,2,2066386,10,0,0,0,0,0,0,3,49152,3
8,0,2,2066387,12,0,0,0,0,0,0,3,49152,3
8,0,2,2066388,0,0,0,0,0,0,0,3,49152,3
9,0,1,2066397,1,0,0,0,0,0,0,0,0,0
9,0,1,2066398,2,1,0,0,0,0,0,0,0,0
9,0,1,2068251,2,0,0,0,0,0,0,0,0,0
9,0,1,2068252,3,1,0,0,0,0,0,0,0,0
9,0,1,2075708,4,0,0,0,0,0,0,0,0,0
9,0,1,2075709,12,0,0,0,0,0,0,0,0,0
9,0,1,2075710,0,0,0,0,0,0,0,0,0,0
9,0,2,2075715,1,0,0,0,0,0,0,0,0,0
9,0,2,2075716,5,1,0,0,0,0,0,0,0,0
9,0,2,2079316,6,0,0,0,0,0,0,1440,0,0
9,0,2,2079321,6,0,0,1,0,0,0,1440,0,0
9,0,2,2079322,7,1,0,0,0,0,0,1440,0,0
9,0,2,2275935,7,0,0,1,1,1,0,1440,49152,0
9,0,2,2275936,8,0,0,0,0,0,0,1440,49152,0
9,0,2,2275939,8,0,0,1,1,2,0,1440,49152,0
9,0,2,2275940,9,0,0,0,0,0,0,1440,49152,0
9,0,2,2275944,9,0,0,0,1,0,0,1440,49152,0
9,0,2,2275945,10,0,1,0,0,0,0,0,49152,0
9,0,2,2275946,10,0,1,0,0,0,1,0,49152,1
9,0,2,2275947,10,0,1,0,0,0,1,1,49152,2
9,0,2,2275948,10,0,1,0,0,0,1,2,49152,3
9,0,2,2275950,10,0,0,0,0,0,0,3,49152,3
9,0,2,2275951,12,0,0,0,0,0,0,3,49152,3
9,0,2,2275952,0,0,0,0,0,0,0,3,49152,3
