case,leg,name,cycle,state,top_busy,mem_busy,mem_err,enc_start,enc_done,R,RAM,AR
0,0,aligned_delay0,4204,1,1,0,0,0,0,0,0,0
0,0,aligned_delay0,4205,5,1,1,0,0,0,0,0,0
0,0,aligned_delay0,5825,5,1,0,0,1,0,1440,1440,90
0,0,aligned_delay0,5826,6,1,0,0,0,1,1440,1440,90
0,0,aligned_delay0,5827,7,1,1,0,0,0,1440,1440,90
0,0,aligned_delay0,61125,7,1,0,0,0,0,1440,1440,90
0,0,aligned_delay0,61132,8,1,0,0,0,0,1440,1440,90
0,0,aligned_delay0,61136,9,1,0,0,0,0,1440,1440,90
0,0,aligned_delay0,61141,10,1,0,0,0,0,1440,1440,90
0,0,aligned_delay0,61147,12,1,0,0,0,0,1440,1440,90
0,0,aligned_delay0,61148,0,0,0,0,0,0,1440,1440,90
1,0,aligned_delay5,65354,1,1,0,0,0,0,0,0,0
1,0,aligned_delay5,65355,5,1,1,0,0,0,0,0,0
1,0,aligned_delay5,66975,5,1,0,0,1,0,1440,1440,90
1,0,aligned_delay5,66976,6,1,0,0,0,0,1440,1440,90
1,0,aligned_delay5,66981,6,1,0,0,0,1,1440,1440,90
1,0,aligned_delay5,66982,7,1,1,0,0,0,1440,1440,90
1,0,aligned_delay5,122280,7,1,0,0,0,0,1440,1440,90
1,0,aligned_delay5,122287,8,1,0,0,0,0,1440,1440,90
1,0,aligned_delay5,122291,9,1,0,0,0,0,1440,1440,90
1,0,aligned_delay5,122296,10,1,0,0,0,0,1440,1440,90
1,0,aligned_delay5,122302,12,1,0,0,0,0,1440,1440,90
1,0,aligned_delay5,122303,0,0,0,0,0,0,1440,1440,90
2,0,aligned_delay100,126509,1,1,0,0,0,0,0,0,0
2,0,aligned_delay100,126510,5,1,1,0,0,0,0,0,0
2,0,aligned_delay100,128130,5,1,0,0,1,0,1440,1440,90
2,0,aligned_delay100,128131,6,1,0,0,0,0,1440,1440,90
2,0,aligned_delay100,128231,6,1,0,0,0,1,1440,1440,90
2,0,aligned_delay100,128232,7,1,1,0,0,0,1440,1440,90
2,0,aligned_delay100,183530,7,1,0,0,0,0,1440,1440,90
2,0,aligned_delay100,183537,8,1,0,0,0,0,1440,1440,90
2,0,aligned_delay100,183541,9,1,0,0,0,0,1440,1440,90
2,0,aligned_delay100,183546,10,1,0,0,0,0,1440,1440,90
2,0,aligned_delay100,183552,12,1,0,0,0,0,1440,1440,90
2,0,aligned_delay100,183553,0,0,0,0,0,0,1440,1440,90
3,0,aligned_delay1000,187759,1,1,0,0,0,0,0,0,0
3,0,aligned_delay1000,187760,5,1,1,0,0,0,0,0,0
3,0,aligned_delay1000,189380,5,1,0,0,1,0,1440,1440,90
3,0,aligned_delay1000,189381,6,1,0,0,0,0,1440,1440,90
3,0,aligned_delay1000,190381,6,1,0,0,0,1,1440,1440,90
3,0,aligned_delay1000,190382,7,1,1,0,0,0,1440,1440,90
3,0,aligned_delay1000,245680,7,1,0,0,0,0,1440,1440,90
3,0,aligned_delay1000,245687,8,1,0,0,0,0,1440,1440,90
3,0,aligned_delay1000,245691,9,1,0,0,0,0,1440,1440,90
3,0,aligned_delay1000,245696,10,1,0,0,0,0,1440,1440,90
3,0,aligned_delay1000,245702,12,1,0,0,0,0,1440,1440,90
3,0,aligned_delay1000,245703,0,0,0,0,0,0,1440,1440,90
4,0,unaligned_008,249909,1,1,0,0,0,0,0,0,0
4,0,unaligned_008,249910,5,1,1,0,0,0,0,0,0
4,0,unaligned_008,251532,5,1,0,0,1,0,1440,1440,91
4,0,unaligned_008,251533,6,1,0,0,0,0,1440,1440,91
4,0,unaligned_008,251538,6,1,0,0,0,1,1440,1440,91
4,0,unaligned_008,251539,7,1,1,0,0,0,1440,1440,91
4,0,unaligned_008,306837,7,1,0,0,0,0,1440,1440,91
4,0,unaligned_008,306844,8,1,0,0,0,0,1440,1440,91
4,0,unaligned_008,306848,9,1,0,0,0,0,1440,1440,91
4,0,unaligned_008,306853,10,1,0,0,0,0,1440,1440,91
4,0,unaligned_008,306859,12,1,0,0,0,0,1440,1440,91
4,0,unaligned_008,306860,0,0,0,0,0,0,1440,1440,91
5,0,boundary_ff8_stalls,318053,1,1,0,0,0,0,0,0,0
5,0,boundary_ff8_stalls,318054,5,1,1,0,0,0,0,0,0
5,0,boundary_ff8_stalls,322383,5,1,0,0,1,0,1440,1440,91
5,0,boundary_ff8_stalls,322384,6,1,0,0,0,0,1440,1440,91
5,0,boundary_ff8_stalls,322389,6,1,0,0,0,1,1440,1440,91
5,0,boundary_ff8_stalls,322390,7,1,1,0,0,0,1440,1440,91
5,0,boundary_ff8_stalls,469852,7,1,0,0,0,0,1440,1440,91
5,0,boundary_ff8_stalls,469859,8,1,0,0,0,0,1440,1440,91
5,0,boundary_ff8_stalls,469863,9,1,0,0,0,0,1440,1440,91
5,0,boundary_ff8_stalls,469868,10,1,0,0,0,0,1440,1440,91
5,0,boundary_ff8_stalls,469874,12,1,0,0,0,0,1440,1440,91
5,0,boundary_ff8_stalls,469875,0,0,0,0,0,0,1440,1440,91
6,0,random_AR_and_R_gaps,477793,1,1,0,0,0,0,0,0,0
6,0,random_AR_and_R_gaps,477794,5,1,1,0,0,0,0,0,0
6,0,random_AR_and_R_gaps,480850,5,1,0,0,1,0,1440,1440,90
6,0,random_AR_and_R_gaps,480851,6,1,0,0,0,0,1440,1440,90
6,0,random_AR_and_R_gaps,480856,6,1,0,0,0,1,1440,1440,90
6,0,random_AR_and_R_gaps,480857,7,1,1,0,0,0,1440,1440,90
6,0,random_AR_and_R_gaps,585155,7,1,0,0,0,0,1440,1440,90
6,0,random_AR_and_R_gaps,585162,8,1,0,0,0,0,1440,1440,90
6,0,random_AR_and_R_gaps,585166,9,1,0,0,0,0,1440,1440,90
6,0,random_AR_and_R_gaps,585171,10,1,0,0,0,0,1440,1440,90
6,0,random_AR_and_R_gaps,585177,12,1,0,0,0,0,1440,1440,90
6,0,random_AR_and_R_gaps,585178,0,0,0,0,0,0,1440,1440,90
7,0,level_done,589384,1,1,0,0,0,0,0,0,0
7,0,level_done,589385,5,1,1,0,0,0,0,0,0
7,0,level_done,591005,5,1,0,0,1,0,1440,1440,90
7,0,level_done,591006,6,1,0,0,0,0,1440,1440,90
7,0,level_done,591011,6,1,0,0,0,1,1440,1440,90
7,0,level_done,591012,7,1,1,0,0,1,1440,1440,90
7,0,level_done,646310,7,1,0,0,0,1,1440,1440,90
7,0,level_done,646317,8,1,0,0,0,1,1440,1440,90
7,0,level_done,646321,9,1,0,0,0,1,1440,1440,90
7,0,level_done,646326,10,1,0,0,0,1,1440,1440,90
7,0,level_done,646332,12,1,0,0,0,1,1440,1440,90
7,0,level_done,646333,0,0,0,0,0,1,1440,1440,90
8,0,NO_CFG,650539,1,1,0,0,0,0,0,0,0
8,0,NO_CFG,650540,12,1,0,0,0,0,0,0,0
8,0,NO_CFG,650541,0,0,0,0,0,0,0,0,0
9,0,RRESP_middle,654747,1,1,0,0,0,0,0,0,0
9,0,RRESP_middle,654748,5,1,1,0,0,0,0,0,0
9,0,RRESP_middle,656368,5,1,0,1,0,0,1440,21,90
9,0,RRESP_middle,656369,12,1,0,1,0,0,1440,21,90
9,0,RRESP_middle,656370,0,0,0,1,0,0,1440,21,90
10,0,RRESP_last,660576,1,1,0,0,0,0,0,0,0
10,0,RRESP_last,660577,5,1,1,0,0,0,0,0,0
10,0,RRESP_last,662197,5,1,0,1,0,0,1440,1440,90
10,0,RRESP_last,662198,12,1,0,1,0,0,1440,1440,90
10,0,RRESP_last,662199,0,0,0,1,0,0,1440,1440,90
11,0,level_done_repeat,666405,1,1,0,0,0,0,0,0,0
11,0,level_done_repeat,666406,5,1,1,0,0,0,0,0,0
11,0,level_done_repeat,668026,5,1,0,0,1,0,1440,1440,90
11,0,level_done_repeat,668027,6,1,0,0,0,0,1440,1440,90
11,0,level_done_repeat,668032,6,1,0,0,0,1,1440,1440,90
11,0,level_done_repeat,668033,7,1,1,0,0,1,1440,1440,90
11,0,level_done_repeat,723331,7,1,0,0,0,1,1440,1440,90
11,0,level_done_repeat,723338,8,1,0,0,0,1,1440,1440,90
11,0,level_done_repeat,723342,9,1,0,0,0,1,1440,1440,90
11,0,level_done_repeat,723347,10,1,0,0,0,1,1440,1440,90
11,0,level_done_repeat,723353,12,1,0,0,0,1,1440,1440,90
11,0,level_done_repeat,723354,0,0,0,0,0,1,1440,1440,90
11,1,level_done_repeat,723359,1,1,0,0,0,1,0,0,0
11,1,level_done_repeat,723360,5,1,1,0,0,1,0,0,0
11,1,level_done_repeat,724980,5,1,0,0,1,1,1440,1440,90
11,1,level_done_repeat,724981,6,1,0,0,0,0,1440,1440,90
11,1,level_done_repeat,724986,6,1,0,0,0,1,1440,1440,90
11,1,level_done_repeat,724987,7,1,1,0,0,1,1440,1440,90
11,1,level_done_repeat,780285,7,1,0,0,0,1,1440,1440,90
11,1,level_done_repeat,780292,8,1,0,0,0,1,1440,1440,90
11,1,level_done_repeat,780296,9,1,0,0,0,1,1440,1440,90
11,1,level_done_repeat,780301,10,1,0,0,0,1,1440,1440,90
11,1,level_done_repeat,780307,12,1,0,0,0,1,1440,1440,90
11,1,level_done_repeat,780308,0,0,0,0,0,1,1440,1440,90
12,0,error_then_restart,784514,1,1,0,0,0,0,0,0,0
12,0,error_then_restart,784515,5,1,1,0,0,0,0,0,0
12,0,error_then_restart,786135,5,1,0,1,0,0,1440,21,90
12,0,error_then_restart,786136,12,1,0,1,0,0,1440,21,90
12,0,error_then_restart,786137,0,0,0,1,0,0,1440,21,90
12,1,error_then_restart,786142,1,1,0,1,0,0,0,0,0
12,1,error_then_restart,786143,5,1,1,0,0,0,0,0,0
12,1,error_then_restart,787763,5,1,0,0,1,0,1440,1440,90
12,1,error_then_restart,787764,6,1,0,0,0,0,1440,1440,90
12,1,error_then_restart,787769,6,1,0,0,0,1,1440,1440,90
12,1,error_then_restart,787770,7,1,1,0,0,0,1440,1440,90
12,1,error_then_restart,843068,7,1,0,0,0,0,1440,1440,90
12,1,error_then_restart,843075,8,1,0,0,0,0,1440,1440,90
12,1,error_then_restart,843079,9,1,0,0,0,0,1440,1440,90
12,1,error_then_restart,843084,10,1,0,0,0,0,1440,1440,90
12,1,error_then_restart,843090,12,1,0,0,0,0,1440,1440,90
12,1,error_then_restart,843091,0,0,0,0,0,0,1440,1440,90
