tb,case,leg,raw,consumer_words,discarded,read_fall_before,read_fall_after,total_before,total_after,delta_cycle,done,error,origin,ERR_DRAIN_entries,ERR_DRAIN_cycles,data_and_M00_timing_equal
load,0,0,3722,3722,0,4193,4193,4204,4204,0,1,0,-1,0,0,True
load,1,0,3722,3722,0,33494,33494,33505,33505,0,1,0,-1,0,0,True
load,2,0,3722,3722,0,19226,19226,19247,19247,0,1,0,-1,0,0,True
load,3,0,3722,3722,0,19478,19478,19484,19484,0,1,0,-1,0,0,True
load,4,0,3722,3722,0,4193,4193,4201,4201,0,0,3,-1,0,0,True
load,5,0,3722,3722,0,4193,4193,4195,4195,0,1,0,-1,0,0,True
load,6,0,742,21,721,838,838,839,839,0,0,4,2,1,811,True
load,7,0,3722,763,2959,4193,4193,4194,4194,0,0,4,3,1,3329,True
load,8,0,742,742,0,838,838,839,840,1,0,4,2,1,1,True
load,9,0,3722,3722,0,4193,4193,4195,4195,0,0,3,-1,0,0,True
infer,0,0,1440,1440,0,56922,56922,56944,56944,0,1,0,-1,0,0,True
infer,1,0,1440,1440,0,56927,56927,56949,56949,0,1,0,-1,0,0,True
infer,2,0,1440,1440,0,57022,57022,57044,57044,0,1,0,-1,0,0,True
infer,3,0,1440,1440,0,57922,57922,57944,57944,0,1,0,-1,0,0,True
infer,4,0,1440,1440,0,56929,56929,56951,56951,0,1,0,-1,0,0,True
infer,5,0,1440,1440,0,151800,151800,151822,151822,0,1,0,-1,0,0,True
infer,6,0,1440,1440,0,107363,107363,107385,107385,0,1,0,-1,0,0,True
infer,7,0,1440,1440,0,56927,56927,56949,56949,0,1,0,-1,0,0,True
infer,8,0,0,0,0,0,0,2,2,0,0,2,-1,0,0,True
infer,9,0,1440,21,1419,1622,1622,1623,1623,0,0,4,5,1,1595,True
infer,10,0,1440,1440,0,1622,1622,1623,1624,1,0,4,5,1,1,True
infer,11,0,1440,1440,0,56927,56927,56949,56949,0,1,0,-1,0,0,True
infer,11,1,1440,1440,0,56927,56927,56949,56949,0,1,0,-1,0,0,True
infer,12,0,1440,21,1419,1622,1622,1623,1623,0,0,4,5,1,1595,True
infer,12,1,1440,1440,0,56927,56927,56949,56949,0,1,0,-1,0,0,True
fc1,0,0,49152,49152,0,56925,56925,56947,56947,0,1,0,-1,0,0,True
fc1,1,0,49152,49152,0,56927,56927,56949,56949,0,1,0,-1,0,0,True
fc1,2,0,49152,49152,0,196190,196190,198258,198258,0,1,0,-1,0,0,True
fc1,3,0,49152,49152,0,195802,195802,197894,197894,0,1,0,-1,0,0,True
fc1,3,1,49152,49152,0,195802,195802,197894,197894,0,1,0,-1,0,0,True
fc1,4,0,49152,49152,0,58352,58352,58374,58374,0,1,0,-1,0,0,True
fc1,5,0,49152,49152,0,56925,56925,56925,56925,0,0,0,-1,0,0,True
fc1,6,0,49152,49152,0,56925,56925,56925,56925,0,0,0,-1,0,0,True
fc1,7,0,49152,49152,0,56925,56925,56947,56947,0,1,0,-1,0,0,True
fc1,7,1,49152,49152,0,56925,56925,56947,56947,0,1,0,-1,0,0,True
fc1,8,0,49152,49152,0,198168,198168,200236,200236,0,1,0,-1,0,0,True
fc1,9,0,49152,49152,0,56925,56925,56947,56947,0,1,0,-1,0,0,True
fc1,9,1,49152,49152,0,56925,56925,56947,56947,0,1,0,-1,0,0,True
fc1,10,0,49152,1285,47867,58571,58571,58572,58572,0,0,4,7,1,53849,True
full,0,0,50592,50592,0,56925,56925,56947,56947,0,1,0,-1,0,0,True
full,0,1,50592,50592,0,56925,56925,56947,56947,0,1,0,-1,0,0,True
full,1,0,50592,50592,0,56925,56925,56937,56937,0,1,0,-1,0,0,True
full,2,0,50592,50592,0,56925,56925,57110,57110,0,1,0,-1,0,0,True
full,3,0,50592,50592,0,56925,56925,56947,56947,0,1,0,-1,0,0,True
full,3,1,50592,50592,0,56925,56925,56947,56947,0,1,0,-1,0,0,True
full,4,0,50592,50592,0,56925,56925,56977,56977,0,1,0,-1,0,0,True
full,5,0,1440,21,1419,1622,1622,1623,1623,0,0,4,5,1,1595,True
full,5,1,50592,50592,0,56925,56925,56947,56947,0,1,0,-1,0,0,True
full,6,0,50592,2725,47867,58571,58571,58572,58572,0,0,4,7,1,53849,True
full,6,2,50592,50592,0,56925,56925,56947,56947,0,1,0,-1,0,0,True
full,7,0,50592,50592,0,56925,56925,56959,56959,0,0,5,-1,0,0,True
full,7,1,50592,50592,0,56925,56925,56959,56959,0,1,0,-1,0,0,True
full,8,0,50592,50592,0,1335810,1335810,1335832,1335832,0,1,0,-1,0,0,True
full,9,0,50592,50592,0,198169,198169,200237,200237,0,1,0,-1,0,0,True
