tb,case,leg,raw,words,discarded,read_fall,cycles,done,error,origin,entries,residence,scope
fc1,0,0,49152,49152,0,56925,56947,1,0,-1,0,0,full_INFER
fc1,1,0,49152,49152,0,56927,56949,1,0,-1,0,0,full_INFER
fc1,2,0,49152,49152,0,196190,198258,1,0,-1,0,0,full_INFER
fc1,3,0,49152,49152,0,195802,197894,1,0,-1,0,0,full_INFER
fc1,3,1,49152,49152,0,195802,197894,1,0,-1,0,0,full_INFER
fc1,4,0,49152,49152,0,58352,58374,1,0,-1,0,0,full_INFER
fc1,5,0,49152,49152,0,56925,56925,0,0,-1,0,0,FC1_boundary
fc1,6,0,49152,49152,0,56925,56925,0,0,-1,0,0,FC1_boundary
fc1,7,0,49152,49152,0,56925,56947,1,0,-1,0,0,full_INFER
fc1,7,1,49152,49152,0,56925,56947,1,0,-1,0,0,full_INFER
fc1,8,0,49152,49152,0,198168,200236,1,0,-1,0,0,full_INFER
fc1,9,0,49152,49152,0,56925,56947,1,0,-1,0,0,full_INFER
fc1,9,1,49152,49152,0,56925,56947,1,0,-1,0,0,full_INFER
fc1,10,0,49152,1285,47867,58571,58572,0,4,7,1,53849,full_INFER
