tb,case,leg,raw,words,discarded,read_fall,cycles,done,error,origin,entries,residence
infer,0,0,1440,1440,0,56922,56944,1,0,-1,0,0
infer,1,0,1440,1440,0,56927,56949,1,0,-1,0,0
infer,2,0,1440,1440,0,57022,57044,1,0,-1,0,0
infer,3,0,1440,1440,0,57922,57944,1,0,-1,0,0
infer,4,0,1440,1440,0,56929,56951,1,0,-1,0,0
infer,5,0,1440,1440,0,151800,151822,1,0,-1,0,0
infer,6,0,1440,1440,0,107363,107385,1,0,-1,0,0
infer,7,0,1440,1440,0,56927,56949,1,0,-1,0,0
infer,8,0,0,0,0,0,2,0,2,-1,0,0
infer,9,0,1440,21,1419,1622,1623,0,4,5,1,1595
infer,10,0,1440,1440,0,1622,1624,0,4,5,1,1
infer,11,0,1440,1440,0,56927,56949,1,0,-1,0,0
infer,11,1,1440,1440,0,56927,56949,1,0,-1,0,0
infer,12,0,1440,21,1419,1622,1623,0,4,5,1,1595
infer,12,1,1440,1440,0,56927,56949,1,0,-1,0,0
