-0.268	pool_shift[5]	u_pool/p_r3_reg[7]/S
-0.268	pool_shift[5]	u_pool/p_r3_reg[9]/S
-0.228	u_enc_rq/param3_reg[64]/C	u_enc_rq/rq_reg[1]/R
-0.228	u_enc_rq/param3_reg[64]/C	u_enc_rq/rq_reg[4]/R
-0.228	u_enc_rq/param3_reg[64]/C	u_enc_rq/rq_reg[5]/R
-0.228	u_enc_rq/param3_reg[64]/C	u_enc_rq/rq_reg[6]/R
-0.206	pool_shift[1]	u_pool/p_r3_reg[5]/D
-0.199	pool_shift[1]	u_pool/p_r3_reg[3]/D
-0.173	pool_shift[5]	u_pool/p_r3_reg[13]/R
-0.173	pool_shift[5]	u_pool/p_r3_reg[14]/R
-0.173	pool_shift[5]	u_pool/p_r3_reg[1]/S
-0.173	pool_shift[5]	u_pool/p_r3_reg[2]/S
-0.173	pool_shift[5]	u_pool/p_r3_reg[3]/S
-0.173	pool_shift[5]	u_pool/p_r3_reg[4]_inv/R
-0.173	pool_shift[5]	u_pool/p_r3_reg[5]/S
-0.173	pool_shift[5]	u_pool/p_r3_reg[8]/S
-0.167	pool_shift[5]	u_pool/p_r3_reg[10]/S
-0.167	pool_shift[5]	u_pool/p_r3_reg[11]/S
-0.167	pool_shift[5]	u_pool/p_r3_reg[12]/S
-0.167	pool_shift[5]	u_pool/p_r3_reg[6]/S
-0.166	pool_shift[1]	u_pool/p_r3_reg[8]/D
-0.115	u_enc_rq/param3_reg[64]/C	u_enc_rq/rq_reg[2]/R
-0.115	u_enc_rq/param3_reg[64]/C	u_enc_rq/rq_reg[3]/R
-0.115	u_enc_rq/param3_reg[64]/C	u_enc_rq/rq_reg[7]/S
-0.080	u_input_buf/gen_word_write.mem_reg_1/CLKBWRCLK	u_conv_mac/g_lane[4].lane_out_reg[29]/D
-0.059	u_input_buf/gen_word_write.mem_reg_1/CLKBWRCLK	u_conv_mac/g_lane[4].lane_out_reg[31]/D
-0.051	u_input_buf/gen_word_write.mem_reg_3/CLKBWRCLK	u_conv_mac/g_lane[13].lane_out_reg[29]/D
-0.051	pool_shift[1]	u_pool/p_r3_reg[1]/D
-0.041	u_enc_rq/param3_reg[64]/C	u_enc_rq/rq_reg[0]/D
-0.034	u_input_buf/gen_word_write.mem_reg_3/CLKBWRCLK	u_conv_mac/g_lane[5].lane_out_reg[29]/D
-0.030	u_input_buf/gen_word_write.mem_reg_3/CLKBWRCLK	u_conv_mac/g_lane[13].lane_out_reg[31]/D
-0.013	u_input_buf/gen_word_write.mem_reg_3/CLKBWRCLK	u_conv_mac/g_lane[5].lane_out_reg[31]/D
