-2.133	u_rq/rq[7]_i_343_psdsp/C	u_rq/rq_reg[1]/R
-2.133	u_rq/rq[7]_i_343_psdsp/C	u_rq/rq_reg[2]/R
-2.133	u_rq/rq[7]_i_343_psdsp/C	u_rq/rq_reg[5]/R
-2.133	u_rq/rq[7]_i_343_psdsp/C	u_rq/rq_reg[7]/S
-2.130	u_rq/rq[7]_i_343_psdsp/C	u_rq/rq_reg[3]/R
-2.130	u_rq/rq[7]_i_343_psdsp/C	u_rq/rq_reg[4]/R
-2.130	u_rq/rq[7]_i_343_psdsp/C	u_rq/rq_reg[6]/R
-1.814	u_rq/param3_reg[65]_rep__0_replica/C	u_rq/rq_reg[0]/D
-1.784	u_rq/param3_reg[65]_rep__0_replica/C	u_rq/rq_reg[3]/D
-1.779	u_rq/param3_reg[65]_rep__0_replica/C	u_rq/rq_reg[4]/D
-1.690	u_rq/param3_reg[65]_rep__0_replica/C	u_rq/rq_reg[6]/D
-1.547	u_rq/param3_reg[65]_rep__0_replica/C	u_rq/rq_reg[7]/D
-1.543	u_rq/param3_reg[65]_rep__0_replica/C	u_rq/rq_reg[2]/D
-1.537	u_rq/param3_reg[65]_rep__0_replica/C	u_rq/rq_reg[1]/D
-1.536	u_rq/param3_reg[65]_rep__0_replica/C	u_rq/rq_reg[5]/D
